#
# There is insufficient memory for the Java Runtime Environment to continue.
# Native memory allocation (malloc) failed to allocate 1688496 bytes. Error detail: Chunk::new
# Possible reasons:
#   The system is out of physical RAM or swap space
#   This process is running with CompressedOops enabled, and the Java Heap may be blocking the growth of the native heap
# Possible solutions:
#   Reduce memory load on the system
#   Increase physical memory or swap space
#   Check if swap backing store is full
#   Decrease Java heap size (-Xmx/-Xms)
#   Decrease number of Java threads
#   Decrease Java thread stack sizes (-Xss)
#   Set larger code cache with -XX:ReservedCodeCacheSize=
#   JVM is running with Unscaled Compressed Oops mode in which the Java heap is
#     placed in the first 4GB address space. The Java Heap base address is the
#     maximum limit for the native heap growth. Please use -XX:HeapBaseMinAddress
#     to set the Java Heap base and to place the Java Heap above 4GB virtual address.
# This output file may be truncated or incomplete.
#
#  Out of Memory Error (arena.cpp:168), pid=12928, tid=15492
#
# JRE version: OpenJDK Runtime Environment (21.0.10) (build 21.0.10+-14961533-b1163.108)
# Java VM: OpenJDK 64-Bit Server VM (21.0.10+-14961533-b1163.108, mixed mode, tiered, compressed oops, compressed class ptrs, g1 gc, windows-amd64)
# No core dump will be written. Minidumps are not enabled by default on client versions of Windows
#

---------------  S U M M A R Y ------------

Command Line: --add-opens=java.base/java.lang=ALL-UNNAMED --add-opens=java.base/java.lang.invoke=ALL-UNNAMED --add-opens=java.base/java.util=ALL-UNNAMED --add-opens=java.prefs/java.util.prefs=ALL-UNNAMED --add-exports=jdk.compiler/com.sun.tools.javac.api=ALL-UNNAMED --add-exports=jdk.compiler/com.sun.tools.javac.util=ALL-UNNAMED --add-opens=java.base/java.nio.charset=ALL-UNNAMED --add-opens=java.base/java.net=ALL-UNNAMED --add-opens=java.base/java.util.concurrent=ALL-UNNAMED --add-opens=java.base/java.util.concurrent.atomic=ALL-UNNAMED --add-opens=java.xml/javax.xml.namespace=ALL-UNNAMED --add-opens=java.base/java.time=ALL-UNNAMED -Xmx2048m -Dfile.encoding=UTF-8 -Duser.country=IN -Duser.language=en -Duser.variant -javaagent:C:\Users\tejas\.gradle\wrapper\dists\gradle-9.5.0-bin\bvnork1r7n8i6kp5cnkibsc9q\gradle-9.5.0\lib\agents\gradle-instrumentation-agent-9.5.0.jar org.gradle.launcher.daemon.bootstrap.GradleDaemon 9.5.0

Host: 11th Gen Intel(R) Core(TM) i3-1125G4 @ 2.00GHz, 8 cores, 15G,  Windows 11 , 64 bit Build 26100 (10.0.26100.8875)
Time: Fri Aug 14 12:32:37 2026 India Standard Time elapsed time: 186.104837 seconds (0d 0h 3m 6s)

---------------  T H R E A D  ---------------

Current thread (0x0000022eece01eb0):  JavaThread "C2 CompilerThread1" daemon [_thread_in_native, id=15492, stack(0x0000005ac6b00000,0x0000005ac6c00000) (1024K)]


Current CompileTask:
C2:186104 33153 % !   4       com.android.tools.r8.dex.j0::a @ 2208 (3162 bytes)

Stack: [0x0000005ac6b00000,0x0000005ac6c00000]
Native frames: (J=compiled Java code, j=interpreted, Vv=VM code, C=native code)
V  [jvm.dll+0x6d78a9]
V  [jvm.dll+0x8665b3]
V  [jvm.dll+0x868bde]
V  [jvm.dll+0x8692c3]
V  [jvm.dll+0x280ee6]
V  [jvm.dll+0xc07cd]
V  [jvm.dll+0xc0d03]
V  [jvm.dll+0x3ba091]
V  [jvm.dll+0x385df7]
V  [jvm.dll+0x38526a]
V  [jvm.dll+0x249bd2]
V  [jvm.dll+0x2491a1]
V  [jvm.dll+0x1c76e4]
V  [jvm.dll+0x25891e]
V  [jvm.dll+0x256e66]
V  [jvm.dll+0x3f513e]
V  [jvm.dll+0x80fd28]
V  [jvm.dll+0x6d60fd]
C  [ucrtbase.dll+0x2cd30]
C  [KERNEL32.DLL+0x2e957]
C  [ntdll.dll+0xaad6c]


---------------  P R O C E S S  ---------------

Threads class SMR info:
_java_thread_list=0x0000022ef6f4af10, length=88, elements={
0x0000022ec90b6fe0, 0x0000022ee2d05410, 0x0000022ee2d22b50, 0x0000022ee2d235b0,
0x0000022ee2d5a3e0, 0x0000022ee2d2f3e0, 0x0000022ee2d305e0, 0x0000022ee2d29830,
0x0000022ee2d2cab0, 0x0000022ee2d74a10, 0x0000022ee317a140, 0x0000022ee9d48a80,
0x0000022ee9590650, 0x0000022ee958fae0, 0x0000022ee9debb40, 0x0000022ee9deb4b0,
0x0000022ee9dea100, 0x0000022eedcd3130, 0x0000022eedcd2410, 0x0000022eedcd2aa0,
0x0000022eedcd1060, 0x0000022eedcd37c0, 0x0000022eedcd0340, 0x0000022eedcd3e50,
0x0000022eedcd09d0, 0x0000022eedcd7960, 0x0000022eedcd44e0, 0x0000022eedcd6c40,
0x0000022eee914280, 0x0000022eea8f63a0, 0x0000022eeedcbec0, 0x0000022eeedcb1a0,
0x0000022eeedcd270, 0x0000022ee9dec1d0, 0x0000022ee9dea790, 0x0000022ee9dec860,
0x0000022ee9deae20, 0x0000022eea8f6a30, 0x0000022eea8fb8f0, 0x0000022eedcd5f20,
0x0000022eeb76ef60, 0x0000022eeb76f5f0, 0x0000022eeb76e240, 0x0000022eeb76d520,
0x0000022eeb76fc80, 0x0000022eeb76c800, 0x0000022eeb7716c0, 0x0000022eeb770310,
0x0000022eeb771030, 0x0000022eeb771d50, 0x0000022eeb773790, 0x0000022eeb7723e0,
0x0000022eeb773100, 0x0000022eea8fa540, 0x0000022eea8f8b00, 0x0000022eece01eb0,
0x0000022ef5c6c950, 0x0000022ef5c6a880, 0x0000022ef5c6af10, 0x0000022ef5c6b5a0,
0x0000022ef5c6cfe0, 0x0000022ef5c69b60, 0x0000022ef5c70460, 0x0000022ef5c6fdd0,
0x0000022ef5c6ea20, 0x0000022ef5c6a1f0, 0x0000022ef5c6bc30, 0x0000022ef5c694d0,
0x0000022ef5c6f0b0, 0x0000022ef5c6d670, 0x0000022ef5c6c2c0, 0x0000022eea9d1000,
0x0000022eec697520, 0x0000022eec3d3d40, 0x0000022eec3d43d0, 0x0000022eeae1cc40,
0x0000022eef06e420, 0x0000022eef06f7d0, 0x0000022eef06eab0, 0x0000022eef0704f0,
0x0000022eef06dd90, 0x0000022eef06f140, 0x0000022efe3622c0, 0x0000022efe35f4d0,
0x0000022efe365740, 0x0000022efe366460, 0x0000022efe362fe0, 0x0000022efe365dd0
}

Java Threads: ( => current thread )
  0x0000022ec90b6fe0 JavaThread "main"                              [_thread_blocked, id=20908, stack(0x0000005ac2800000,0x0000005ac2900000) (1024K)]
  0x0000022ee2d05410 JavaThread "Common-Cleaner"             daemon [_thread_blocked, id=1784, stack(0x0000005ac3000000,0x0000005ac3100000) (1024K)]
  0x0000022ee2d22b50 JavaThread "Reference Handler"          daemon [_thread_blocked, id=19268, stack(0x0000005ac3100000,0x0000005ac3200000) (1024K)]
  0x0000022ee2d235b0 JavaThread "Finalizer"                  daemon [_thread_blocked, id=5724, stack(0x0000005ac3200000,0x0000005ac3300000) (1024K)]
  0x0000022ee2d5a3e0 JavaThread "Signal Dispatcher"          daemon [_thread_blocked, id=556, stack(0x0000005ac3300000,0x0000005ac3400000) (1024K)]
  0x0000022ee2d2f3e0 JavaThread "Attach Listener"            daemon [_thread_blocked, id=17692, stack(0x0000005ac3400000,0x0000005ac3500000) (1024K)]
  0x0000022ee2d305e0 JavaThread "Service Thread"             daemon [_thread_blocked, id=14432, stack(0x0000005ac3500000,0x0000005ac3600000) (1024K)]
  0x0000022ee2d29830 JavaThread "Monitor Deflation Thread"   daemon [_thread_blocked, id=12532, stack(0x0000005ac3600000,0x0000005ac3700000) (1024K)]
  0x0000022ee2d2cab0 JavaThread "C2 CompilerThread0"         daemon [_thread_in_native, id=13284, stack(0x0000005ac3700000,0x0000005ac3800000) (1024K)]
  0x0000022ee2d74a10 JavaThread "C1 CompilerThread0"         daemon [_thread_blocked, id=12648, stack(0x0000005ac3800000,0x0000005ac3900000) (1024K)]
  0x0000022ee317a140 JavaThread "Notification Thread"        daemon [_thread_blocked, id=21076, stack(0x0000005ac3900000,0x0000005ac3a00000) (1024K)]
  0x0000022ee9d48a80 JavaThread "Daemon health stats"               [_thread_blocked, id=21200, stack(0x0000005ac4100000,0x0000005ac4200000) (1024K)]
  0x0000022ee9590650 JavaThread "Incoming local TCP Connector on port 57549"        [_thread_in_native, id=21476, stack(0x0000005ac4200000,0x0000005ac4300000) (1024K)]
  0x0000022ee958fae0 JavaThread "Daemon periodic checks"            [_thread_blocked, id=12936, stack(0x0000005ac4300000,0x0000005ac4400000) (1024K)]
  0x0000022ee9debb40 JavaThread "Cache worker for journal cache (C:\Users\tejas\.gradle\caches\journal-1)"        [_thread_blocked, id=21456, stack(0x0000005ac4e00000,0x0000005ac4f00000) (1024K)]
  0x0000022ee9deb4b0 JavaThread "File lock request listener"        [_thread_in_native, id=21380, stack(0x0000005ac4f00000,0x0000005ac5000000) (1024K)]
  0x0000022ee9dea100 JavaThread "Cache worker for file hash cache (C:\Users\tejas\.gradle\caches\9.5.0\fileHashes)"        [_thread_blocked, id=15668, stack(0x0000005ac5000000,0x0000005ac5100000) (1024K)]
  0x0000022eedcd3130 JavaThread "File watcher server"        daemon [_thread_in_native, id=18828, stack(0x0000005ac5300000,0x0000005ac5400000) (1024K)]
  0x0000022eedcd2410 JavaThread "File watcher consumer"      daemon [_thread_blocked, id=1704, stack(0x0000005ac5400000,0x0000005ac5500000) (1024K)]
  0x0000022eedcd2aa0 JavaThread "jar transforms"                    [_thread_blocked, id=14936, stack(0x0000005ac5500000,0x0000005ac5600000) (1024K)]
  0x0000022eedcd1060 JavaThread "jar transforms Thread 2"           [_thread_blocked, id=10700, stack(0x0000005ac5600000,0x0000005ac5700000) (1024K)]
  0x0000022eedcd37c0 JavaThread "jar transforms Thread 3"           [_thread_blocked, id=16468, stack(0x0000005ac5700000,0x0000005ac5800000) (1024K)]
  0x0000022eedcd0340 JavaThread "jar transforms Thread 4"           [_thread_blocked, id=16868, stack(0x0000005ac5800000,0x0000005ac5900000) (1024K)]
  0x0000022eedcd3e50 JavaThread "jar transforms Thread 5"           [_thread_blocked, id=12400, stack(0x0000005ac5900000,0x0000005ac5a00000) (1024K)]
  0x0000022eedcd09d0 JavaThread "jar transforms Thread 6"           [_thread_blocked, id=19544, stack(0x0000005ac5a00000,0x0000005ac5b00000) (1024K)]
  0x0000022eedcd7960 JavaThread "jar transforms Thread 7"           [_thread_blocked, id=1896, stack(0x0000005ac5b00000,0x0000005ac5c00000) (1024K)]
  0x0000022eedcd44e0 JavaThread "jar transforms Thread 8"           [_thread_blocked, id=7320, stack(0x0000005ac5c00000,0x0000005ac5d00000) (1024K)]
  0x0000022eedcd6c40 JavaThread "Cache worker for file content cache (C:\Users\tejas\.gradle\caches\9.5.0\fileContent)"        [_thread_blocked, id=4392, stack(0x0000005ac3b00000,0x0000005ac3c00000) (1024K)]
  0x0000022eee914280 JavaThread "Memory manager"                    [_thread_blocked, id=7092, stack(0x0000005ac6900000,0x0000005ac6a00000) (1024K)]
  0x0000022eea8f63a0 JavaThread "pool-3-thread-1"                   [_thread_blocked, id=19948, stack(0x0000005ac3a00000,0x0000005ac3b00000) (1024K)]
  0x0000022eeedcbec0 JavaThread "Daemon Thread 2"                   [_thread_blocked, id=17352, stack(0x0000005ac2500000,0x0000005ac2600000) (1024K)]
  0x0000022eeedcb1a0 JavaThread "Handler for socket connection from /127.0.0.1:57549 to /127.0.0.1:13587"        [_thread_in_native, id=18708, stack(0x0000005ac2600000,0x0000005ac2700000) (1024K)]
  0x0000022eeedcd270 JavaThread "Cancel handler"                    [_thread_blocked, id=16808, stack(0x0000005ac2700000,0x0000005ac2800000) (1024K)]
  0x0000022ee9dec1d0 JavaThread "Daemon worker Thread 2"            [_thread_blocked, id=20140, stack(0x0000005ac4400000,0x0000005ac4500000) (1024K)]
  0x0000022ee9dea790 JavaThread "Asynchronous log dispatcher for DefaultDaemonConnection: socket connection from /127.0.0.1:57549 to /127.0.0.1:13587"        [_thread_blocked, id=15404, stack(0x0000005ac4500000,0x0000005ac4600000) (1024K)]
  0x0000022ee9dec860 JavaThread "Stdin handler"                     [_thread_blocked, id=19844, stack(0x0000005ac4900000,0x0000005ac4a00000) (1024K)]
  0x0000022ee9deae20 JavaThread "Daemon client event forwarder"        [_thread_blocked, id=15948, stack(0x0000005ac4a00000,0x0000005ac4b00000) (1024K)]
  0x0000022eea8f6a30 JavaThread "Cache worker for file hash cache (C:\Users\tejas\AndroidStudioProjects\LoginPage2\.gradle\9.5.0\fileHashes)"        [_thread_blocked, id=10852, stack(0x0000005ac4b00000,0x0000005ac4c00000) (1024K)]
  0x0000022eea8fb8f0 JavaThread "Cache worker for checksums cache (C:\Users\tejas\AndroidStudioProjects\LoginPage2\.gradle\9.5.0\checksums)"        [_thread_blocked, id=19032, stack(0x0000005ac4c00000,0x0000005ac4d00000) (1024K)]
  0x0000022eedcd5f20 JavaThread "Cache worker for Build Output Cleanup Cache (C:\Users\tejas\AndroidStudioProjects\LoginPage2\.gradle\buildOutputCleanup)"        [_thread_blocked, id=5916, stack(0x0000005ac4d00000,0x0000005ac4e00000) (1024K)]
  0x0000022eeb76ef60 JavaThread "Cache worker for cache directory md-supplier (C:\Users\tejas\.gradle\caches\9.5.0\md-supplier)"        [_thread_blocked, id=7184, stack(0x0000005ac5100000,0x0000005ac5200000) (1024K)]
  0x0000022eeb76f5f0 JavaThread "Cache worker for cache directory md-rule (C:\Users\tejas\.gradle\caches\9.5.0\md-rule)"        [_thread_blocked, id=7276, stack(0x0000005ac5200000,0x0000005ac5300000) (1024K)]
  0x0000022eeb76e240 JavaThread "Build operations"                  [_thread_blocked, id=12688, stack(0x0000005ac5d00000,0x0000005ac5e00000) (1024K)]
  0x0000022eeb76d520 JavaThread "Build operations Thread 2"         [_thread_blocked, id=6784, stack(0x0000005ac5e00000,0x0000005ac5f00000) (1024K)]
  0x0000022eeb76fc80 JavaThread "Build operations Thread 3"         [_thread_blocked, id=4812, stack(0x0000005ac5f00000,0x0000005ac6000000) (1024K)]
  0x0000022eeb76c800 JavaThread "Build operations Thread 4"         [_thread_blocked, id=15556, stack(0x0000005ac6000000,0x0000005ac6100000) (1024K)]
  0x0000022eeb7716c0 JavaThread "Build operations Thread 5"         [_thread_blocked, id=5492, stack(0x0000005ac6100000,0x0000005ac6200000) (1024K)]
  0x0000022eeb770310 JavaThread "Build operations Thread 6"         [_thread_blocked, id=15364, stack(0x0000005ac6200000,0x0000005ac6300000) (1024K)]
  0x0000022eeb771030 JavaThread "Build operations Thread 7"         [_thread_blocked, id=2184, stack(0x0000005ac6300000,0x0000005ac6400000) (1024K)]
  0x0000022eeb771d50 JavaThread "Build operations Thread 8"         [_thread_blocked, id=12708, stack(0x0000005ac6400000,0x0000005ac6500000) (1024K)]
  0x0000022eeb773790 JavaThread "Configuration cache report writer"        [_thread_blocked, id=21304, stack(0x0000005ac6500000,0x0000005ac6600000) (1024K)]
  0x0000022eeb7723e0 JavaThread "build event listener"              [_thread_blocked, id=17576, stack(0x0000005ac6600000,0x0000005ac6700000) (1024K)]
  0x0000022eeb773100 JavaThread "build event listener"              [_thread_blocked, id=12192, stack(0x0000005ac6700000,0x0000005ac6800000) (1024K)]
  0x0000022eea8fa540 JavaThread "pool-6-thread-1"                   [_thread_blocked, id=18332, stack(0x0000005ac6800000,0x0000005ac6900000) (1024K)]
  0x0000022eea8f8b00 JavaThread "build event listener"              [_thread_blocked, id=5776, stack(0x0000005ac6a00000,0x0000005ac6b00000) (1024K)]
=>0x0000022eece01eb0 JavaThread "C2 CompilerThread1"         daemon [_thread_in_native, id=15492, stack(0x0000005ac6b00000,0x0000005ac6c00000) (1024K)]
  0x0000022ef5c6c950 JavaThread "included builds"                   [_thread_blocked, id=9120, stack(0x0000005ac6c00000,0x0000005ac6d00000) (1024K)]
  0x0000022ef5c6a880 JavaThread "Execution worker"                  [_thread_blocked, id=2248, stack(0x0000005ac6d00000,0x0000005ac6e00000) (1024K)]
  0x0000022ef5c6af10 JavaThread "Execution worker Thread 2"         [_thread_blocked, id=9168, stack(0x0000005ac6e00000,0x0000005ac6f00000) (1024K)]
  0x0000022ef5c6b5a0 JavaThread "Execution worker Thread 3"         [_thread_blocked, id=9040, stack(0x0000005ac6f00000,0x0000005ac7000000) (1024K)]
  0x0000022ef5c6cfe0 JavaThread "Execution worker Thread 4"         [_thread_blocked, id=18588, stack(0x0000005ac7000000,0x0000005ac7100000) (1024K)]
  0x0000022ef5c69b60 JavaThread "Execution worker Thread 5"         [_thread_blocked, id=9084, stack(0x0000005ac7100000,0x0000005ac7200000) (1024K)]
  0x0000022ef5c70460 JavaThread "Execution worker Thread 6"         [_thread_blocked, id=20088, stack(0x0000005ac7200000,0x0000005ac7300000) (1024K)]
  0x0000022ef5c6fdd0 JavaThread "Execution worker Thread 7"         [_thread_blocked, id=20172, stack(0x0000005ac7300000,0x0000005ac7400000) (1024K)]
  0x0000022ef5c6ea20 JavaThread "Cache worker for execution history cache (C:\Users\tejas\AndroidStudioProjects\LoginPage2\.gradle\9.5.0\executionHistory)"        [_thread_blocked, id=19004, stack(0x0000005ac7400000,0x0000005ac7500000) (1024K)]
  0x0000022ef5c6a1f0 JavaThread "WorkerExecutor Queue Thread 2"        [_thread_blocked, id=10968, stack(0x0000005ac7700000,0x0000005ac7800000) (1024K)]
  0x0000022ef5c6bc30 JavaThread "WorkerExecutor Queue Thread 3"        [_thread_blocked, id=10124, stack(0x0000005ac7800000,0x0000005ac7900000) (1024K)]
  0x0000022ef5c694d0 JavaThread "WorkerExecutor Queue Thread 4"        [_thread_blocked, id=21028, stack(0x0000005ac7900000,0x0000005ac7a00000) (1024K)]
  0x0000022ef5c6f0b0 JavaThread "WorkerExecutor Queue Thread 5"        [_thread_blocked, id=15548, stack(0x0000005ac7a00000,0x0000005ac7b00000) (1024K)]
  0x0000022ef5c6d670 JavaThread "WorkerExecutor Queue Thread 6"        [_thread_blocked, id=10744, stack(0x0000005ac7b00000,0x0000005ac7c00000) (1024K)]
  0x0000022ef5c6c2c0 JavaThread "WorkerExecutor Queue Thread 7"        [_thread_blocked, id=4040, stack(0x0000005ac7c00000,0x0000005ac7d00000) (1024K)]
  0x0000022eea9d1000 JavaThread "WorkerExecutor Queue Thread 8"        [_thread_blocked, id=19060, stack(0x0000005ac8600000,0x0000005ac8700000) (1024K)]
  0x0000022eec697520 JavaThread "WorkerExecutor Queue Thread 9"        [_thread_in_native, id=6668, stack(0x0000005ac8700000,0x0000005ac8800000) (1024K)]
  0x0000022eec3d3d40 JavaThread "WorkerExecutor Queue Thread 10"        [_thread_blocked, id=21092, stack(0x0000005ac7600000,0x0000005ac7700000) (1024K)]
  0x0000022eec3d43d0 JavaThread "ForkJoinPool-3-worker-1"    daemon [_thread_blocked, id=21280, stack(0x0000005ac7f00000,0x0000005ac8000000) (1024K)]
  0x0000022eeae1cc40 JavaThread "ForkJoinPool-3-worker-2"    daemon [_thread_blocked, id=8012, stack(0x0000005ac8000000,0x0000005ac8100000) (1024K)]
  0x0000022eef06e420 JavaThread "ForkJoinPool-3-worker-3"    daemon [_thread_blocked, id=9920, stack(0x0000005ac8100000,0x0000005ac8200000) (1024K)]
  0x0000022eef06f7d0 JavaThread "ForkJoinPool-3-worker-4"    daemon [_thread_blocked, id=12320, stack(0x0000005ac8200000,0x0000005ac8300000) (1024K)]
  0x0000022eef06eab0 JavaThread "ForkJoinPool-3-worker-5"    daemon [_thread_blocked, id=10632, stack(0x0000005ac8300000,0x0000005ac8400000) (1024K)]
  0x0000022eef0704f0 JavaThread "ForkJoinPool-3-worker-6"    daemon [_thread_blocked, id=20520, stack(0x0000005ac8400000,0x0000005ac8500000) (1024K)]
  0x0000022eef06dd90 JavaThread "ForkJoinPool-3-worker-7"    daemon [_thread_blocked, id=14780, stack(0x0000005ac8500000,0x0000005ac8600000) (1024K)]
  0x0000022eef06f140 JavaThread "ForkJoinPool-3-worker-8"    daemon [_thread_blocked, id=3372, stack(0x0000005ac8800000,0x0000005ac8900000) (1024K)]
  0x0000022efe3622c0 JavaThread "RMI Scheduler(0)"           daemon [_thread_blocked, id=9976, stack(0x0000005ac7e00000,0x0000005ac7f00000) (1024K)]
  0x0000022efe35f4d0 JavaThread "RMI RenewClean-[127.0.0.1:17328,org.jetbrains.kotlin.daemon.common.LoopbackNetworkInterface$ClientLoopbackSocketFactory@37b9be9]" daemon [_thread_blocked, id=8024, stack(0x0000005ac8900000,0x0000005ac8a00000) (1024K)]
  0x0000022efe365740 JavaThread "RMI GC Daemon"              daemon [_thread_blocked, id=7084, stack(0x0000005ac8a00000,0x0000005ac8b00000) (1024K)]
  0x0000022efe366460 JavaThread "RMI TCP Accept-0"           daemon [_thread_in_native, id=1916, stack(0x0000005ac8b00000,0x0000005ac8c00000) (1024K)]
  0x0000022efe362fe0 JavaThread "RMI Reaper"                        [_thread_blocked, id=12172, stack(0x0000005ac8c00000,0x0000005ac8d00000) (1024K)]
  0x0000022efe365dd0 JavaThread "RMI TCP Connection(1)-127.0.0.1" daemon [_thread_in_native, id=9672, stack(0x0000005ac8d00000,0x0000005ac8e00000) (1024K)]
Total: 88

Other Threads:
  0x0000022ee2cc3690 VMThread "VM Thread"                           [id=18652, stack(0x0000005ac2f00000,0x0000005ac3000000) (1024K)]
  0x0000022ee2c80280 WatcherThread "VM Periodic Task Thread"        [id=6708, stack(0x0000005ac2e00000,0x0000005ac2f00000) (1024K)]
  0x0000022ec917e060 WorkerThread "GC Thread#0"                     [id=20896, stack(0x0000005ac2900000,0x0000005ac2a00000) (1024K)]
  0x0000022ee382b7a0 WorkerThread "GC Thread#1"                     [id=11188, stack(0x0000005ac3c00000,0x0000005ac3d00000) (1024K)]
  0x0000022ee844c300 WorkerThread "GC Thread#2"                     [id=21336, stack(0x0000005ac3d00000,0x0000005ac3e00000) (1024K)]
  0x0000022ee8319d60 WorkerThread "GC Thread#3"                     [id=19952, stack(0x0000005ac3e00000,0x0000005ac3f00000) (1024K)]
  0x0000022ee831a110 WorkerThread "GC Thread#4"                     [id=4164, stack(0x0000005ac3f00000,0x0000005ac4000000) (1024K)]
  0x0000022ee8425040 WorkerThread "GC Thread#5"                     [id=4360, stack(0x0000005ac4000000,0x0000005ac4100000) (1024K)]
  0x0000022ee85e3500 WorkerThread "GC Thread#6"                     [id=13184, stack(0x0000005ac4600000,0x0000005ac4700000) (1024K)]
  0x0000022ee85e2640 WorkerThread "GC Thread#7"                     [id=15252, stack(0x0000005ac4700000,0x0000005ac4800000) (1024K)]
  0x0000022ecb5558e0 ConcurrentGCThread "G1 Main Marker"            [id=21144, stack(0x0000005ac2a00000,0x0000005ac2b00000) (1024K)]
  0x0000022ecb556300 WorkerThread "G1 Conc#0"                       [id=8004, stack(0x0000005ac2b00000,0x0000005ac2c00000) (1024K)]
  0x0000022ee85e29f0 WorkerThread "G1 Conc#1"                       [id=13220, stack(0x0000005ac4800000,0x0000005ac4900000) (1024K)]
  0x0000022ee25af500 ConcurrentGCThread "G1 Refine#0"               [id=2744, stack(0x0000005ac2c00000,0x0000005ac2d00000) (1024K)]
  0x0000022ee25afe30 ConcurrentGCThread "G1 Service"                [id=21156, stack(0x0000005ac2d00000,0x0000005ac2e00000) (1024K)]
Total: 15

Threads with active compile tasks:
C2 CompilerThread0  187205 33189       4       org.gradle.internal.logging.text.AbstractLineChoppingStyledTextOutput$1::execute (140 bytes)
C2 CompilerThread1  187205 33153 % !   4       com.android.tools.r8.dex.j0::a @ 2208 (3162 bytes)
Total: 2

VM state: not at safepoint (normal execution)

VM Mutex/Monitor currently owned by a thread: None

Heap address: 0x0000000080000000, size: 2048 MB, Compressed Oops mode: 32-bit

CDS archive(s) not mapped
Compressed class space mapped at: 0x0000000100000000-0x0000000140000000, reserved size: 1073741824
Narrow klass base: 0x0000000000000000, Narrow klass shift: 3, Narrow klass range: 0x140000000

GC Precious Log:
 CardTable entry size: 512
 Card Set container configuration: InlinePtr #cards 5 size 8 Array Of Cards #cards 12 size 40 Howl #buckets 4 coarsen threshold 1843 Howl Bitmap #cards 512 size 80 coarsen threshold 460 Card regions per heap region 1 cards per card region 2048
 CPUs: 8 total, 8 available
 Memory: 16124M
 Large Page Support: Disabled
 NUMA Support: Disabled
 Compressed Oops: Enabled (32-bit)
 Heap Region Size: 1M
 Heap Min Capacity: 8M
 Heap Initial Capacity: 252M
 Heap Max Capacity: 2G
 Pre-touch: Disabled
 Parallel Workers: 8
 Concurrent Workers: 2
 Concurrent Refinement Workers: 8
 Periodic GC: Disabled

Heap:
 garbage-first heap   total 1026048K, used 718628K [0x0000000080000000, 0x0000000100000000)
  region size 1024K, 235 young (240640K), 5 survivors (5120K)
 Metaspace       used 202161K, committed 205248K, reserved 1245184K
  class space    used 26799K, committed 28352K, reserved 1048576K

Heap Regions: E=young(eden), S=young(survivor), O=old, HS=humongous(starts), HC=humongous(continues), CS=collection set, F=free, TAMS=top-at-mark-start, PB=parsable bottom
|   0|0x0000000080000000, 0x0000000080100000, 0x0000000080100000|100%|HS|  |TAMS 0x0000000080000000| PB 0x0000000080000000| Complete 
|   1|0x0000000080100000, 0x0000000080200000, 0x0000000080200000|100%|HC|  |TAMS 0x0000000080100000| PB 0x0000000080100000| Complete 
|   2|0x0000000080200000, 0x0000000080300000, 0x0000000080300000|100%|HC|  |TAMS 0x0000000080200000| PB 0x0000000080200000| Complete 
|   3|0x0000000080300000, 0x0000000080400000, 0x0000000080400000|100%|HC|  |TAMS 0x0000000080300000| PB 0x0000000080300000| Complete 
|   4|0x0000000080400000, 0x0000000080500000, 0x0000000080500000|100%| O|  |TAMS 0x0000000080400000| PB 0x0000000080400000| Untracked 
|   5|0x0000000080500000, 0x0000000080600000, 0x0000000080600000|100%| O|  |TAMS 0x0000000080500000| PB 0x0000000080500000| Untracked 
|   6|0x0000000080600000, 0x0000000080700000, 0x0000000080700000|100%| O|  |TAMS 0x0000000080600000| PB 0x0000000080600000| Untracked 
|   7|0x0000000080700000, 0x0000000080800000, 0x0000000080800000|100%| O|  |TAMS 0x0000000080700000| PB 0x0000000080700000| Untracked 
|   8|0x0000000080800000, 0x0000000080900000, 0x0000000080900000|100%| O|  |TAMS 0x0000000080800000| PB 0x0000000080800000| Untracked 
|   9|0x0000000080900000, 0x0000000080a00000, 0x0000000080a00000|100%| O|  |TAMS 0x0000000080900000| PB 0x0000000080900000| Untracked 
|  10|0x0000000080a00000, 0x0000000080b00000, 0x0000000080b00000|100%| O|  |TAMS 0x0000000080a00000| PB 0x0000000080a00000| Untracked 
|  11|0x0000000080b00000, 0x0000000080c00000, 0x0000000080c00000|100%|HS|  |TAMS 0x0000000080b00000| PB 0x0000000080b00000| Complete 
|  12|0x0000000080c00000, 0x0000000080d00000, 0x0000000080d00000|100%| O|  |TAMS 0x0000000080c00000| PB 0x0000000080c00000| Untracked 
|  13|0x0000000080d00000, 0x0000000080e00000, 0x0000000080e00000|100%| O|  |TAMS 0x0000000080d00000| PB 0x0000000080d00000| Untracked 
|  14|0x0000000080e00000, 0x0000000080f00000, 0x0000000080f00000|100%| O|  |TAMS 0x0000000080e00000| PB 0x0000000080e00000| Untracked 
|  15|0x0000000080f00000, 0x0000000081000000, 0x0000000081000000|100%| O|  |TAMS 0x0000000080f00000| PB 0x0000000080f00000| Untracked 
|  16|0x0000000081000000, 0x0000000081100000, 0x0000000081100000|100%| O|  |TAMS 0x0000000081000000| PB 0x0000000081000000| Untracked 
|  17|0x0000000081100000, 0x0000000081200000, 0x0000000081200000|100%| O|  |TAMS 0x0000000081100000| PB 0x0000000081100000| Untracked 
|  18|0x0000000081200000, 0x0000000081300000, 0x0000000081300000|100%| O|  |TAMS 0x0000000081200000| PB 0x0000000081200000| Untracked 
|  19|0x0000000081300000, 0x0000000081400000, 0x0000000081400000|100%| O|  |TAMS 0x0000000081300000| PB 0x0000000081300000| Untracked 
|  20|0x0000000081400000, 0x0000000081500000, 0x0000000081500000|100%| O|  |TAMS 0x0000000081400000| PB 0x0000000081400000| Untracked 
|  21|0x0000000081500000, 0x0000000081600000, 0x0000000081600000|100%| O|  |TAMS 0x0000000081500000| PB 0x0000000081500000| Untracked 
|  22|0x0000000081600000, 0x0000000081700000, 0x0000000081700000|100%| O|Cm|TAMS 0x0000000081600000| PB 0x0000000081600000| Complete 
|  23|0x0000000081700000, 0x0000000081800000, 0x0000000081800000|100%|HS|  |TAMS 0x0000000081700000| PB 0x0000000081700000| Complete 
|  24|0x0000000081800000, 0x0000000081900000, 0x0000000081900000|100%|HC|  |TAMS 0x0000000081800000| PB 0x0000000081800000| Complete 
|  25|0x0000000081900000, 0x0000000081a00000, 0x0000000081a00000|100%|HC|  |TAMS 0x0000000081900000| PB 0x0000000081900000| Complete 
|  26|0x0000000081a00000, 0x0000000081b00000, 0x0000000081b00000|100%|HC|  |TAMS 0x0000000081a00000| PB 0x0000000081a00000| Complete 
|  27|0x0000000081b00000, 0x0000000081c00000, 0x0000000081c00000|100%|HC|  |TAMS 0x0000000081b00000| PB 0x0000000081b00000| Complete 
|  28|0x0000000081c00000, 0x0000000081d00000, 0x0000000081d00000|100%|HC|  |TAMS 0x0000000081c00000| PB 0x0000000081c00000| Complete 
|  29|0x0000000081d00000, 0x0000000081e00000, 0x0000000081e00000|100%|HS|  |TAMS 0x0000000081d00000| PB 0x0000000081d00000| Complete 
|  30|0x0000000081e00000, 0x0000000081f00000, 0x0000000081f00000|100%|HS|  |TAMS 0x0000000081e00000| PB 0x0000000081e00000| Complete 
|  31|0x0000000081f00000, 0x0000000082000000, 0x0000000082000000|100%|HS|  |TAMS 0x0000000081f00000| PB 0x0000000081f00000| Complete 
|  32|0x0000000082000000, 0x0000000082100000, 0x0000000082100000|100%|HC|  |TAMS 0x0000000082000000| PB 0x0000000082000000| Complete 
|  33|0x0000000082100000, 0x0000000082200000, 0x0000000082200000|100%|HC|  |TAMS 0x0000000082100000| PB 0x0000000082100000| Complete 
|  34|0x0000000082200000, 0x0000000082300000, 0x0000000082300000|100%|HC|  |TAMS 0x0000000082200000| PB 0x0000000082200000| Complete 
|  35|0x0000000082300000, 0x0000000082400000, 0x0000000082400000|100%|HC|  |TAMS 0x0000000082300000| PB 0x0000000082300000| Complete 
|  36|0x0000000082400000, 0x0000000082500000, 0x0000000082500000|100%|HC|  |TAMS 0x0000000082400000| PB 0x0000000082400000| Complete 
|  37|0x0000000082500000, 0x0000000082600000, 0x0000000082600000|100%|HS|  |TAMS 0x0000000082500000| PB 0x0000000082500000| Complete 
|  38|0x0000000082600000, 0x0000000082700000, 0x0000000082700000|100%|HS|  |TAMS 0x0000000082600000| PB 0x0000000082600000| Complete 
|  39|0x0000000082700000, 0x0000000082800000, 0x0000000082800000|100%| O|  |TAMS 0x0000000082700000| PB 0x0000000082700000| Untracked 
|  40|0x0000000082800000, 0x0000000082900000, 0x0000000082900000|100%| O|  |TAMS 0x0000000082800000| PB 0x0000000082800000| Untracked 
|  41|0x0000000082900000, 0x0000000082a00000, 0x0000000082a00000|100%| O|  |TAMS 0x0000000082900000| PB 0x0000000082900000| Untracked 
|  42|0x0000000082a00000, 0x0000000082b00000, 0x0000000082b00000|100%| O|  |TAMS 0x0000000082a00000| PB 0x0000000082a00000| Untracked 
|  43|0x0000000082b00000, 0x0000000082c00000, 0x0000000082c00000|100%| O|  |TAMS 0x0000000082b00000| PB 0x0000000082b00000| Untracked 
|  44|0x0000000082c00000, 0x0000000082d00000, 0x0000000082d00000|100%| O|  |TAMS 0x0000000082c00000| PB 0x0000000082c00000| Untracked 
|  45|0x0000000082d00000, 0x0000000082e00000, 0x0000000082e00000|100%| O|  |TAMS 0x0000000082d00000| PB 0x0000000082d00000| Untracked 
|  46|0x0000000082e00000, 0x0000000082f00000, 0x0000000082f00000|100%| O|  |TAMS 0x0000000082e00000| PB 0x0000000082e00000| Untracked 
|  47|0x0000000082f00000, 0x0000000083000000, 0x0000000083000000|100%| O|  |TAMS 0x0000000082f00000| PB 0x0000000082f00000| Untracked 
|  48|0x0000000083000000, 0x0000000083100000, 0x0000000083100000|100%| O|  |TAMS 0x0000000083000000| PB 0x0000000083000000| Untracked 
|  49|0x0000000083100000, 0x0000000083200000, 0x0000000083200000|100%|HS|  |TAMS 0x0000000083100000| PB 0x0000000083100000| Complete 
|  50|0x0000000083200000, 0x0000000083300000, 0x0000000083300000|100%| O|  |TAMS 0x0000000083200000| PB 0x0000000083200000| Untracked 
|  51|0x0000000083300000, 0x0000000083400000, 0x0000000083400000|100%| O|  |TAMS 0x0000000083300000| PB 0x0000000083300000| Untracked 
|  52|0x0000000083400000, 0x0000000083500000, 0x0000000083500000|100%| O|  |TAMS 0x0000000083400000| PB 0x0000000083400000| Untracked 
|  53|0x0000000083500000, 0x0000000083600000, 0x0000000083600000|100%| O|  |TAMS 0x0000000083500000| PB 0x0000000083500000| Untracked 
|  54|0x0000000083600000, 0x0000000083700000, 0x0000000083700000|100%| O|  |TAMS 0x0000000083600000| PB 0x0000000083600000| Untracked 
|  55|0x0000000083700000, 0x0000000083800000, 0x0000000083800000|100%| O|  |TAMS 0x0000000083700000| PB 0x0000000083700000| Untracked 
|  56|0x0000000083800000, 0x0000000083900000, 0x0000000083900000|100%| O|  |TAMS 0x0000000083800000| PB 0x0000000083800000| Untracked 
|  57|0x0000000083900000, 0x0000000083a00000, 0x0000000083a00000|100%| O|  |TAMS 0x0000000083900000| PB 0x0000000083900000| Untracked 
|  58|0x0000000083a00000, 0x0000000083b00000, 0x0000000083b00000|100%| O|  |TAMS 0x0000000083a00000| PB 0x0000000083a00000| Untracked 
|  59|0x0000000083b00000, 0x0000000083c00000, 0x0000000083c00000|100%|HS|  |TAMS 0x0000000083b00000| PB 0x0000000083b00000| Complete 
|  60|0x0000000083c00000, 0x0000000083d00000, 0x0000000083d00000|100%| O|  |TAMS 0x0000000083c00000| PB 0x0000000083c00000| Untracked 
|  61|0x0000000083d00000, 0x0000000083e00000, 0x0000000083e00000|100%| O|  |TAMS 0x0000000083d00000| PB 0x0000000083d00000| Untracked 
|  62|0x0000000083e00000, 0x0000000083f00000, 0x0000000083f00000|100%| O|  |TAMS 0x0000000083e00000| PB 0x0000000083e00000| Untracked 
|  63|0x0000000083f00000, 0x0000000084000000, 0x0000000084000000|100%| O|  |TAMS 0x0000000083f00000| PB 0x0000000083f00000| Untracked 
|  64|0x0000000084000000, 0x0000000084100000, 0x0000000084100000|100%| O|  |TAMS 0x0000000084000000| PB 0x0000000084000000| Untracked 
|  65|0x0000000084100000, 0x0000000084200000, 0x0000000084200000|100%| O|  |TAMS 0x0000000084100000| PB 0x0000000084100000| Untracked 
|  66|0x0000000084200000, 0x0000000084300000, 0x0000000084300000|100%| O|Cm|TAMS 0x0000000084200000| PB 0x0000000084200000| Complete 
|  67|0x0000000084300000, 0x0000000084400000, 0x0000000084400000|100%| O|  |TAMS 0x0000000084300000| PB 0x0000000084300000| Untracked 
|  68|0x0000000084400000, 0x0000000084500000, 0x0000000084500000|100%| O|  |TAMS 0x0000000084400000| PB 0x0000000084400000| Untracked 
|  69|0x0000000084500000, 0x0000000084600000, 0x0000000084600000|100%|HS|  |TAMS 0x0000000084500000| PB 0x0000000084500000| Complete 
|  70|0x0000000084600000, 0x0000000084700000, 0x0000000084700000|100%|HS|  |TAMS 0x0000000084600000| PB 0x0000000084600000| Complete 
|  71|0x0000000084700000, 0x0000000084800000, 0x0000000084800000|100%|HC|  |TAMS 0x0000000084700000| PB 0x0000000084700000| Complete 
|  72|0x0000000084800000, 0x0000000084900000, 0x0000000084900000|100%|HS|  |TAMS 0x0000000084800000| PB 0x0000000084800000| Complete 
|  73|0x0000000084900000, 0x0000000084a00000, 0x0000000084a00000|100%|HS|  |TAMS 0x0000000084900000| PB 0x0000000084900000| Complete 
|  74|0x0000000084a00000, 0x0000000084b00000, 0x0000000084b00000|100%| O|  |TAMS 0x0000000084a00000| PB 0x0000000084a00000| Untracked 
|  75|0x0000000084b00000, 0x0000000084c00000, 0x0000000084c00000|100%| O|  |TAMS 0x0000000084b00000| PB 0x0000000084b00000| Untracked 
|  76|0x0000000084c00000, 0x0000000084d00000, 0x0000000084d00000|100%| O|  |TAMS 0x0000000084c00000| PB 0x0000000084c00000| Untracked 
|  77|0x0000000084d00000, 0x0000000084e00000, 0x0000000084e00000|100%|HS|  |TAMS 0x0000000084d00000| PB 0x0000000084d00000| Complete 
|  78|0x0000000084e00000, 0x0000000084f00000, 0x0000000084f00000|100%| O|  |TAMS 0x0000000084e00000| PB 0x0000000084e00000| Untracked 
|  79|0x0000000084f00000, 0x0000000085000000, 0x0000000085000000|100%|HS|  |TAMS 0x0000000084f00000| PB 0x0000000084f00000| Complete 
|  80|0x0000000085000000, 0x0000000085100000, 0x0000000085100000|100%|HS|  |TAMS 0x0000000085000000| PB 0x0000000085000000| Complete 
|  81|0x0000000085100000, 0x0000000085200000, 0x0000000085200000|100%| O|  |TAMS 0x0000000085100000| PB 0x0000000085100000| Untracked 
|  82|0x0000000085200000, 0x0000000085300000, 0x0000000085300000|100%| O|  |TAMS 0x0000000085200000| PB 0x0000000085200000| Untracked 
|  83|0x0000000085300000, 0x0000000085400000, 0x0000000085400000|100%| O|  |TAMS 0x0000000085300000| PB 0x0000000085300000| Untracked 
|  84|0x0000000085400000, 0x0000000085500000, 0x0000000085500000|100%| O|  |TAMS 0x0000000085400000| PB 0x0000000085400000| Untracked 
|  85|0x0000000085500000, 0x0000000085600000, 0x0000000085600000|100%| O|  |TAMS 0x0000000085500000| PB 0x0000000085500000| Untracked 
|  86|0x0000000085600000, 0x0000000085700000, 0x0000000085700000|100%| O|  |TAMS 0x0000000085600000| PB 0x0000000085600000| Untracked 
|  87|0x0000000085700000, 0x0000000085800000, 0x0000000085800000|100%|HS|  |TAMS 0x0000000085700000| PB 0x0000000085700000| Complete 
|  88|0x0000000085800000, 0x0000000085900000, 0x0000000085900000|100%|HC|  |TAMS 0x0000000085800000| PB 0x0000000085800000| Complete 
|  89|0x0000000085900000, 0x0000000085a00000, 0x0000000085a00000|100%| O|  |TAMS 0x0000000085900000| PB 0x0000000085900000| Untracked 
|  90|0x0000000085a00000, 0x0000000085b00000, 0x0000000085b00000|100%| O|  |TAMS 0x0000000085a00000| PB 0x0000000085a00000| Untracked 
|  91|0x0000000085b00000, 0x0000000085c00000, 0x0000000085c00000|100%|HS|  |TAMS 0x0000000085b00000| PB 0x0000000085b00000| Complete 
|  92|0x0000000085c00000, 0x0000000085d00000, 0x0000000085d00000|100%| O|  |TAMS 0x0000000085c00000| PB 0x0000000085c00000| Untracked 
|  93|0x0000000085d00000, 0x0000000085e00000, 0x0000000085e00000|100%| O|  |TAMS 0x0000000085d00000| PB 0x0000000085d00000| Untracked 
|  94|0x0000000085e00000, 0x0000000085f00000, 0x0000000085f00000|100%| O|  |TAMS 0x0000000085e00000| PB 0x0000000085e00000| Untracked 
|  95|0x0000000085f00000, 0x0000000086000000, 0x0000000086000000|100%| O|  |TAMS 0x0000000085f00000| PB 0x0000000085f00000| Untracked 
|  96|0x0000000086000000, 0x0000000086100000, 0x0000000086100000|100%| O|  |TAMS 0x0000000086000000| PB 0x0000000086000000| Untracked 
|  97|0x0000000086100000, 0x0000000086200000, 0x0000000086200000|100%| O|  |TAMS 0x0000000086100000| PB 0x0000000086100000| Untracked 
|  98|0x0000000086200000, 0x0000000086300000, 0x0000000086300000|100%| O|  |TAMS 0x0000000086200000| PB 0x0000000086200000| Untracked 
|  99|0x0000000086300000, 0x0000000086400000, 0x0000000086400000|100%| O|  |TAMS 0x0000000086300000| PB 0x0000000086300000| Untracked 
| 100|0x0000000086400000, 0x0000000086500000, 0x0000000086500000|100%| O|  |TAMS 0x0000000086400000| PB 0x0000000086400000| Untracked 
| 101|0x0000000086500000, 0x0000000086600000, 0x0000000086600000|100%| O|  |TAMS 0x0000000086500000| PB 0x0000000086500000| Untracked 
| 102|0x0000000086600000, 0x0000000086700000, 0x0000000086700000|100%| O|  |TAMS 0x0000000086600000| PB 0x0000000086600000| Untracked 
| 103|0x0000000086700000, 0x0000000086800000, 0x0000000086800000|100%| O|  |TAMS 0x0000000086700000| PB 0x0000000086700000| Untracked 
| 104|0x0000000086800000, 0x0000000086900000, 0x0000000086900000|100%| O|  |TAMS 0x0000000086800000| PB 0x0000000086800000| Untracked 
| 105|0x0000000086900000, 0x0000000086a00000, 0x0000000086a00000|100%| O|  |TAMS 0x0000000086900000| PB 0x0000000086900000| Untracked 
| 106|0x0000000086a00000, 0x0000000086b00000, 0x0000000086b00000|100%| O|  |TAMS 0x0000000086a00000| PB 0x0000000086a00000| Untracked 
| 107|0x0000000086b00000, 0x0000000086c00000, 0x0000000086c00000|100%| O|  |TAMS 0x0000000086b00000| PB 0x0000000086b00000| Untracked 
| 108|0x0000000086c00000, 0x0000000086d00000, 0x0000000086d00000|100%| O|  |TAMS 0x0000000086c00000| PB 0x0000000086c00000| Untracked 
| 109|0x0000000086d00000, 0x0000000086e00000, 0x0000000086e00000|100%| O|  |TAMS 0x0000000086d00000| PB 0x0000000086d00000| Untracked 
| 110|0x0000000086e00000, 0x0000000086f00000, 0x0000000086f00000|100%| O|  |TAMS 0x0000000086e00000| PB 0x0000000086e00000| Untracked 
| 111|0x0000000086f00000, 0x0000000087000000, 0x0000000087000000|100%| O|  |TAMS 0x0000000086f00000| PB 0x0000000086f00000| Untracked 
| 112|0x0000000087000000, 0x0000000087100000, 0x0000000087100000|100%| O|  |TAMS 0x0000000087000000| PB 0x0000000087000000| Untracked 
| 113|0x0000000087100000, 0x0000000087200000, 0x0000000087200000|100%| O|  |TAMS 0x0000000087100000| PB 0x0000000087100000| Untracked 
| 114|0x0000000087200000, 0x0000000087300000, 0x0000000087300000|100%| O|  |TAMS 0x0000000087200000| PB 0x0000000087200000| Untracked 
| 115|0x0000000087300000, 0x0000000087400000, 0x0000000087400000|100%| O|  |TAMS 0x0000000087300000| PB 0x0000000087300000| Untracked 
| 116|0x0000000087400000, 0x0000000087500000, 0x0000000087500000|100%| O|  |TAMS 0x0000000087400000| PB 0x0000000087400000| Untracked 
| 117|0x0000000087500000, 0x0000000087600000, 0x0000000087600000|100%| O|  |TAMS 0x0000000087500000| PB 0x0000000087500000| Untracked 
| 118|0x0000000087600000, 0x0000000087700000, 0x0000000087700000|100%| O|  |TAMS 0x0000000087600000| PB 0x0000000087600000| Untracked 
| 119|0x0000000087700000, 0x0000000087800000, 0x0000000087800000|100%| O|  |TAMS 0x0000000087700000| PB 0x0000000087700000| Untracked 
| 120|0x0000000087800000, 0x0000000087900000, 0x0000000087900000|100%| O|  |TAMS 0x0000000087800000| PB 0x0000000087800000| Untracked 
| 121|0x0000000087900000, 0x0000000087a00000, 0x0000000087a00000|100%| O|  |TAMS 0x0000000087900000| PB 0x0000000087900000| Untracked 
| 122|0x0000000087a00000, 0x0000000087b00000, 0x0000000087b00000|100%| O|  |TAMS 0x0000000087a00000| PB 0x0000000087a00000| Untracked 
| 123|0x0000000087b00000, 0x0000000087c00000, 0x0000000087c00000|100%| O|  |TAMS 0x0000000087b00000| PB 0x0000000087b00000| Untracked 
| 124|0x0000000087c00000, 0x0000000087d00000, 0x0000000087d00000|100%| O|  |TAMS 0x0000000087c00000| PB 0x0000000087c00000| Untracked 
| 125|0x0000000087d00000, 0x0000000087e00000, 0x0000000087e00000|100%| O|  |TAMS 0x0000000087d00000| PB 0x0000000087d00000| Untracked 
| 126|0x0000000087e00000, 0x0000000087f00000, 0x0000000087f00000|100%| O|  |TAMS 0x0000000087e00000| PB 0x0000000087e00000| Untracked 
| 127|0x0000000087f00000, 0x0000000088000000, 0x0000000088000000|100%| O|  |TAMS 0x0000000087f00000| PB 0x0000000087f00000| Untracked 
| 128|0x0000000088000000, 0x0000000088100000, 0x0000000088100000|100%| O|  |TAMS 0x0000000088000000| PB 0x0000000088000000| Untracked 
| 129|0x0000000088100000, 0x0000000088200000, 0x0000000088200000|100%| O|  |TAMS 0x0000000088100000| PB 0x0000000088100000| Untracked 
| 130|0x0000000088200000, 0x0000000088300000, 0x0000000088300000|100%| O|  |TAMS 0x0000000088200000| PB 0x0000000088200000| Untracked 
| 131|0x0000000088300000, 0x0000000088400000, 0x0000000088400000|100%| O|  |TAMS 0x0000000088300000| PB 0x0000000088300000| Untracked 
| 132|0x0000000088400000, 0x0000000088500000, 0x0000000088500000|100%| O|  |TAMS 0x0000000088400000| PB 0x0000000088400000| Untracked 
| 133|0x0000000088500000, 0x0000000088600000, 0x0000000088600000|100%| O|  |TAMS 0x0000000088500000| PB 0x0000000088500000| Untracked 
| 134|0x0000000088600000, 0x0000000088700000, 0x0000000088700000|100%| O|  |TAMS 0x0000000088600000| PB 0x0000000088600000| Untracked 
| 135|0x0000000088700000, 0x0000000088800000, 0x0000000088800000|100%| O|  |TAMS 0x0000000088700000| PB 0x0000000088700000| Untracked 
| 136|0x0000000088800000, 0x0000000088900000, 0x0000000088900000|100%| O|  |TAMS 0x0000000088800000| PB 0x0000000088800000| Untracked 
| 137|0x0000000088900000, 0x0000000088a00000, 0x0000000088a00000|100%| O|  |TAMS 0x0000000088900000| PB 0x0000000088900000| Untracked 
| 138|0x0000000088a00000, 0x0000000088b00000, 0x0000000088b00000|100%| O|  |TAMS 0x0000000088a00000| PB 0x0000000088a00000| Untracked 
| 139|0x0000000088b00000, 0x0000000088c00000, 0x0000000088c00000|100%| O|  |TAMS 0x0000000088b00000| PB 0x0000000088b00000| Untracked 
| 140|0x0000000088c00000, 0x0000000088d00000, 0x0000000088d00000|100%| O|  |TAMS 0x0000000088c00000| PB 0x0000000088c00000| Untracked 
| 141|0x0000000088d00000, 0x0000000088e00000, 0x0000000088e00000|100%| O|  |TAMS 0x0000000088d00000| PB 0x0000000088d00000| Untracked 
| 142|0x0000000088e00000, 0x0000000088f00000, 0x0000000088f00000|100%| O|  |TAMS 0x0000000088e00000| PB 0x0000000088e00000| Untracked 
| 143|0x0000000088f00000, 0x0000000089000000, 0x0000000089000000|100%| O|  |TAMS 0x0000000088f00000| PB 0x0000000088f00000| Untracked 
| 144|0x0000000089000000, 0x0000000089100000, 0x0000000089100000|100%| O|  |TAMS 0x0000000089000000| PB 0x0000000089000000| Untracked 
| 145|0x0000000089100000, 0x0000000089200000, 0x0000000089200000|100%| O|  |TAMS 0x0000000089100000| PB 0x0000000089100000| Untracked 
| 146|0x0000000089200000, 0x0000000089300000, 0x0000000089300000|100%| O|  |TAMS 0x0000000089200000| PB 0x0000000089200000| Untracked 
| 147|0x0000000089300000, 0x0000000089400000, 0x0000000089400000|100%| O|  |TAMS 0x0000000089300000| PB 0x0000000089300000| Untracked 
| 148|0x0000000089400000, 0x0000000089500000, 0x0000000089500000|100%| O|  |TAMS 0x0000000089400000| PB 0x0000000089400000| Untracked 
| 149|0x0000000089500000, 0x0000000089600000, 0x0000000089600000|100%| O|  |TAMS 0x0000000089500000| PB 0x0000000089500000| Untracked 
| 150|0x0000000089600000, 0x0000000089700000, 0x0000000089700000|100%| O|  |TAMS 0x0000000089600000| PB 0x0000000089600000| Untracked 
| 151|0x0000000089700000, 0x0000000089800000, 0x0000000089800000|100%| O|  |TAMS 0x0000000089700000| PB 0x0000000089700000| Untracked 
| 152|0x0000000089800000, 0x0000000089900000, 0x0000000089900000|100%| O|Cm|TAMS 0x0000000089800000| PB 0x0000000089800000| Complete 
| 153|0x0000000089900000, 0x0000000089a00000, 0x0000000089a00000|100%| O|  |TAMS 0x0000000089900000| PB 0x0000000089900000| Untracked 
| 154|0x0000000089a00000, 0x0000000089b00000, 0x0000000089b00000|100%| O|  |TAMS 0x0000000089a00000| PB 0x0000000089a00000| Untracked 
| 155|0x0000000089b00000, 0x0000000089c00000, 0x0000000089c00000|100%| O|  |TAMS 0x0000000089b00000| PB 0x0000000089b00000| Untracked 
| 156|0x0000000089c00000, 0x0000000089d00000, 0x0000000089d00000|100%| O|  |TAMS 0x0000000089c00000| PB 0x0000000089c00000| Untracked 
| 157|0x0000000089d00000, 0x0000000089e00000, 0x0000000089e00000|100%| O|  |TAMS 0x0000000089d00000| PB 0x0000000089d00000| Untracked 
| 158|0x0000000089e00000, 0x0000000089f00000, 0x0000000089f00000|100%| O|  |TAMS 0x0000000089e00000| PB 0x0000000089e00000| Untracked 
| 159|0x0000000089f00000, 0x000000008a000000, 0x000000008a000000|100%| O|  |TAMS 0x0000000089f00000| PB 0x0000000089f00000| Untracked 
| 160|0x000000008a000000, 0x000000008a100000, 0x000000008a100000|100%| O|  |TAMS 0x000000008a000000| PB 0x000000008a000000| Untracked 
| 161|0x000000008a100000, 0x000000008a200000, 0x000000008a200000|100%| O|  |TAMS 0x000000008a100000| PB 0x000000008a100000| Untracked 
| 162|0x000000008a200000, 0x000000008a300000, 0x000000008a300000|100%| O|  |TAMS 0x000000008a200000| PB 0x000000008a200000| Untracked 
| 163|0x000000008a300000, 0x000000008a400000, 0x000000008a400000|100%| O|  |TAMS 0x000000008a300000| PB 0x000000008a300000| Untracked 
| 164|0x000000008a400000, 0x000000008a500000, 0x000000008a500000|100%| O|  |TAMS 0x000000008a400000| PB 0x000000008a400000| Untracked 
| 165|0x000000008a500000, 0x000000008a600000, 0x000000008a600000|100%| O|  |TAMS 0x000000008a500000| PB 0x000000008a500000| Untracked 
| 166|0x000000008a600000, 0x000000008a700000, 0x000000008a700000|100%| O|  |TAMS 0x000000008a600000| PB 0x000000008a600000| Untracked 
| 167|0x000000008a700000, 0x000000008a800000, 0x000000008a800000|100%| O|  |TAMS 0x000000008a700000| PB 0x000000008a700000| Untracked 
| 168|0x000000008a800000, 0x000000008a900000, 0x000000008a900000|100%| O|  |TAMS 0x000000008a800000| PB 0x000000008a800000| Untracked 
| 169|0x000000008a900000, 0x000000008aa00000, 0x000000008aa00000|100%| O|  |TAMS 0x000000008a900000| PB 0x000000008a900000| Untracked 
| 170|0x000000008aa00000, 0x000000008ab00000, 0x000000008ab00000|100%| O|  |TAMS 0x000000008aa00000| PB 0x000000008aa00000| Untracked 
| 171|0x000000008ab00000, 0x000000008ac00000, 0x000000008ac00000|100%| O|  |TAMS 0x000000008ab00000| PB 0x000000008ab00000| Untracked 
| 172|0x000000008ac00000, 0x000000008ad00000, 0x000000008ad00000|100%| O|Cm|TAMS 0x000000008ac00000| PB 0x000000008ac00000| Complete 
| 173|0x000000008ad00000, 0x000000008ae00000, 0x000000008ae00000|100%| O|  |TAMS 0x000000008ad00000| PB 0x000000008ad00000| Untracked 
| 174|0x000000008ae00000, 0x000000008af00000, 0x000000008af00000|100%| O|  |TAMS 0x000000008ae00000| PB 0x000000008ae00000| Untracked 
| 175|0x000000008af00000, 0x000000008b000000, 0x000000008b000000|100%| O|Cm|TAMS 0x000000008af00000| PB 0x000000008af00000| Complete 
| 176|0x000000008b000000, 0x000000008b100000, 0x000000008b100000|100%|HS|  |TAMS 0x000000008b000000| PB 0x000000008b000000| Complete 
| 177|0x000000008b100000, 0x000000008b200000, 0x000000008b200000|100%| O|  |TAMS 0x000000008b100000| PB 0x000000008b100000| Untracked 
| 178|0x000000008b200000, 0x000000008b300000, 0x000000008b300000|100%| O|  |TAMS 0x000000008b200000| PB 0x000000008b200000| Untracked 
| 179|0x000000008b300000, 0x000000008b400000, 0x000000008b400000|100%| O|Cm|TAMS 0x000000008b300000| PB 0x000000008b300000| Complete 
| 180|0x000000008b400000, 0x000000008b500000, 0x000000008b500000|100%| O|  |TAMS 0x000000008b400000| PB 0x000000008b400000| Untracked 
| 181|0x000000008b500000, 0x000000008b600000, 0x000000008b600000|100%| O|  |TAMS 0x000000008b500000| PB 0x000000008b500000| Untracked 
| 182|0x000000008b600000, 0x000000008b700000, 0x000000008b700000|100%| O|  |TAMS 0x000000008b600000| PB 0x000000008b600000| Untracked 
| 183|0x000000008b700000, 0x000000008b800000, 0x000000008b800000|100%| O|Cm|TAMS 0x000000008b700000| PB 0x000000008b700000| Complete 
| 184|0x000000008b800000, 0x000000008b900000, 0x000000008b900000|100%| O|  |TAMS 0x000000008b800000| PB 0x000000008b800000| Untracked 
| 185|0x000000008b900000, 0x000000008ba00000, 0x000000008ba00000|100%| O|  |TAMS 0x000000008b900000| PB 0x000000008b900000| Untracked 
| 186|0x000000008ba00000, 0x000000008bb00000, 0x000000008bb00000|100%| O|  |TAMS 0x000000008ba00000| PB 0x000000008ba00000| Untracked 
| 187|0x000000008bb00000, 0x000000008bc00000, 0x000000008bc00000|100%|HS|  |TAMS 0x000000008bb00000| PB 0x000000008bb00000| Complete 
| 188|0x000000008bc00000, 0x000000008bd00000, 0x000000008bd00000|100%| O|  |TAMS 0x000000008bc00000| PB 0x000000008bc00000| Untracked 
| 189|0x000000008bd00000, 0x000000008be00000, 0x000000008be00000|100%| O|  |TAMS 0x000000008bd00000| PB 0x000000008bd00000| Untracked 
| 190|0x000000008be00000, 0x000000008bf00000, 0x000000008bf00000|100%| O|Cm|TAMS 0x000000008be00000| PB 0x000000008be00000| Complete 
| 191|0x000000008bf00000, 0x000000008c000000, 0x000000008c000000|100%| O|  |TAMS 0x000000008bf00000| PB 0x000000008bf00000| Untracked 
| 192|0x000000008c000000, 0x000000008c100000, 0x000000008c100000|100%| O|  |TAMS 0x000000008c000000| PB 0x000000008c000000| Untracked 
| 193|0x000000008c100000, 0x000000008c200000, 0x000000008c200000|100%| O|  |TAMS 0x000000008c100000| PB 0x000000008c100000| Untracked 
| 194|0x000000008c200000, 0x000000008c300000, 0x000000008c300000|100%| O|  |TAMS 0x000000008c200000| PB 0x000000008c200000| Untracked 
| 195|0x000000008c300000, 0x000000008c400000, 0x000000008c400000|100%| O|  |TAMS 0x000000008c300000| PB 0x000000008c300000| Untracked 
| 196|0x000000008c400000, 0x000000008c500000, 0x000000008c500000|100%| O|  |TAMS 0x000000008c400000| PB 0x000000008c400000| Untracked 
| 197|0x000000008c500000, 0x000000008c600000, 0x000000008c600000|100%| O|  |TAMS 0x000000008c500000| PB 0x000000008c500000| Untracked 
| 198|0x000000008c600000, 0x000000008c700000, 0x000000008c700000|100%|HS|  |TAMS 0x000000008c600000| PB 0x000000008c600000| Complete 
| 199|0x000000008c700000, 0x000000008c800000, 0x000000008c800000|100%| O|Cm|TAMS 0x000000008c700000| PB 0x000000008c700000| Complete 
| 200|0x000000008c800000, 0x000000008c900000, 0x000000008c900000|100%| O|  |TAMS 0x000000008c800000| PB 0x000000008c800000| Untracked 
| 201|0x000000008c900000, 0x000000008ca00000, 0x000000008ca00000|100%| O|  |TAMS 0x000000008c900000| PB 0x000000008c900000| Untracked 
| 202|0x000000008ca00000, 0x000000008cb00000, 0x000000008cb00000|100%| O|Cm|TAMS 0x000000008ca00000| PB 0x000000008ca00000| Complete 
| 203|0x000000008cb00000, 0x000000008cc00000, 0x000000008cc00000|100%| O|  |TAMS 0x000000008cb00000| PB 0x000000008cb00000| Untracked 
| 204|0x000000008cc00000, 0x000000008cd00000, 0x000000008cd00000|100%| O|Cm|TAMS 0x000000008cc00000| PB 0x000000008cc00000| Complete 
| 205|0x000000008cd00000, 0x000000008ce00000, 0x000000008ce00000|100%|HS|  |TAMS 0x000000008cd00000| PB 0x000000008cd00000| Complete 
| 206|0x000000008ce00000, 0x000000008cf00000, 0x000000008cf00000|100%|HC|  |TAMS 0x000000008ce00000| PB 0x000000008ce00000| Complete 
| 207|0x000000008cf00000, 0x000000008d000000, 0x000000008d000000|100%| O|  |TAMS 0x000000008cf00000| PB 0x000000008cf00000| Untracked 
| 208|0x000000008d000000, 0x000000008d100000, 0x000000008d100000|100%| O|  |TAMS 0x000000008d000000| PB 0x000000008d000000| Untracked 
| 209|0x000000008d100000, 0x000000008d200000, 0x000000008d200000|100%| O|Cm|TAMS 0x000000008d100000| PB 0x000000008d100000| Complete 
| 210|0x000000008d200000, 0x000000008d300000, 0x000000008d300000|100%| O|Cm|TAMS 0x000000008d200000| PB 0x000000008d200000| Complete 
| 211|0x000000008d300000, 0x000000008d400000, 0x000000008d400000|100%|HS|  |TAMS 0x000000008d300000| PB 0x000000008d300000| Complete 
| 212|0x000000008d400000, 0x000000008d500000, 0x000000008d500000|100%|HS|  |TAMS 0x000000008d400000| PB 0x000000008d400000| Complete 
| 213|0x000000008d500000, 0x000000008d600000, 0x000000008d600000|100%| O|Cm|TAMS 0x000000008d500000| PB 0x000000008d500000| Complete 
| 214|0x000000008d600000, 0x000000008d700000, 0x000000008d700000|100%| O|Cm|TAMS 0x000000008d600000| PB 0x000000008d600000| Complete 
| 215|0x000000008d700000, 0x000000008d800000, 0x000000008d800000|100%|HS|  |TAMS 0x000000008d700000| PB 0x000000008d700000| Complete 
| 216|0x000000008d800000, 0x000000008d900000, 0x000000008d900000|100%|HS|  |TAMS 0x000000008d800000| PB 0x000000008d800000| Complete 
| 217|0x000000008d900000, 0x000000008da00000, 0x000000008da00000|100%| O|Cm|TAMS 0x000000008d900000| PB 0x000000008d900000| Complete 
| 218|0x000000008da00000, 0x000000008db00000, 0x000000008db00000|100%|HS|  |TAMS 0x000000008da00000| PB 0x000000008da00000| Complete 
| 219|0x000000008db00000, 0x000000008dc00000, 0x000000008dc00000|100%|HC|  |TAMS 0x000000008db00000| PB 0x000000008db00000| Complete 
| 220|0x000000008dc00000, 0x000000008dd00000, 0x000000008dd00000|100%|HS|  |TAMS 0x000000008dc00000| PB 0x000000008dc00000| Complete 
| 221|0x000000008dd00000, 0x000000008de00000, 0x000000008de00000|100%| O|Cm|TAMS 0x000000008dd00000| PB 0x000000008dd00000| Complete 
| 222|0x000000008de00000, 0x000000008df00000, 0x000000008df00000|100%| O|  |TAMS 0x000000008de00000| PB 0x000000008de00000| Untracked 
| 223|0x000000008df00000, 0x000000008e000000, 0x000000008e000000|100%|HS|  |TAMS 0x000000008df00000| PB 0x000000008df00000| Complete 
| 224|0x000000008e000000, 0x000000008e100000, 0x000000008e100000|100%|HS|  |TAMS 0x000000008e000000| PB 0x000000008e000000| Complete 
| 225|0x000000008e100000, 0x000000008e200000, 0x000000008e200000|100%|HS|  |TAMS 0x000000008e100000| PB 0x000000008e100000| Complete 
| 226|0x000000008e200000, 0x000000008e300000, 0x000000008e300000|100%| O|  |TAMS 0x000000008e200000| PB 0x000000008e200000| Untracked 
| 227|0x000000008e300000, 0x000000008e400000, 0x000000008e400000|100%| O|Cm|TAMS 0x000000008e300000| PB 0x000000008e300000| Complete 
| 228|0x000000008e400000, 0x000000008e500000, 0x000000008e500000|100%| O|Cm|TAMS 0x000000008e400000| PB 0x000000008e400000| Complete 
| 229|0x000000008e500000, 0x000000008e600000, 0x000000008e600000|100%| O|Cm|TAMS 0x000000008e500000| PB 0x000000008e500000| Complete 
| 230|0x000000008e600000, 0x000000008e700000, 0x000000008e700000|100%| O|Cm|TAMS 0x000000008e600000| PB 0x000000008e600000| Complete 
| 231|0x000000008e700000, 0x000000008e800000, 0x000000008e800000|100%| O|Cm|TAMS 0x000000008e700000| PB 0x000000008e700000| Complete 
| 232|0x000000008e800000, 0x000000008e900000, 0x000000008e900000|100%| O|Cm|TAMS 0x000000008e800000| PB 0x000000008e800000| Complete 
| 233|0x000000008e900000, 0x000000008ea00000, 0x000000008ea00000|100%|HS|  |TAMS 0x000000008e900000| PB 0x000000008e900000| Complete 
| 234|0x000000008ea00000, 0x000000008eb00000, 0x000000008eb00000|100%|HC|  |TAMS 0x000000008ea00000| PB 0x000000008ea00000| Complete 
| 235|0x000000008eb00000, 0x000000008ec00000, 0x000000008ec00000|100%|HC|  |TAMS 0x000000008eb00000| PB 0x000000008eb00000| Complete 
| 236|0x000000008ec00000, 0x000000008ed00000, 0x000000008ed00000|100%| O|Cm|TAMS 0x000000008ec00000| PB 0x000000008ec00000| Complete 
| 237|0x000000008ed00000, 0x000000008ee00000, 0x000000008ee00000|100%| O|Cm|TAMS 0x000000008ed00000| PB 0x000000008ed00000| Complete 
| 238|0x000000008ee00000, 0x000000008ef00000, 0x000000008ef00000|100%|HS|  |TAMS 0x000000008ee00000| PB 0x000000008ee00000| Complete 
| 239|0x000000008ef00000, 0x000000008f000000, 0x000000008f000000|100%|HC|  |TAMS 0x000000008ef00000| PB 0x000000008ef00000| Complete 
| 240|0x000000008f000000, 0x000000008f100000, 0x000000008f100000|100%| O|  |TAMS 0x000000008f000000| PB 0x000000008f000000| Untracked 
| 241|0x000000008f100000, 0x000000008f200000, 0x000000008f200000|100%| O|Cm|TAMS 0x000000008f100000| PB 0x000000008f100000| Complete 
| 242|0x000000008f200000, 0x000000008f300000, 0x000000008f300000|100%| O|Cm|TAMS 0x000000008f200000| PB 0x000000008f200000| Complete 
| 243|0x000000008f300000, 0x000000008f400000, 0x000000008f400000|100%| O|Cm|TAMS 0x000000008f300000| PB 0x000000008f300000| Complete 
| 244|0x000000008f400000, 0x000000008f500000, 0x000000008f500000|100%| O|Cm|TAMS 0x000000008f400000| PB 0x000000008f400000| Complete 
| 245|0x000000008f500000, 0x000000008f600000, 0x000000008f600000|100%| O|Cm|TAMS 0x000000008f500000| PB 0x000000008f500000| Complete 
| 246|0x000000008f600000, 0x000000008f700000, 0x000000008f700000|100%| O|Cm|TAMS 0x000000008f600000| PB 0x000000008f600000| Complete 
| 247|0x000000008f700000, 0x000000008f800000, 0x000000008f800000|100%| O|Cm|TAMS 0x000000008f700000| PB 0x000000008f700000| Complete 
| 248|0x000000008f800000, 0x000000008f900000, 0x000000008f900000|100%| O|Cm|TAMS 0x000000008f800000| PB 0x000000008f800000| Complete 
| 249|0x000000008f900000, 0x000000008fa00000, 0x000000008fa00000|100%|HS|  |TAMS 0x000000008f900000| PB 0x000000008f900000| Complete 
| 250|0x000000008fa00000, 0x000000008fb00000, 0x000000008fb00000|100%| O|  |TAMS 0x000000008fa00000| PB 0x000000008fa00000| Untracked 
| 251|0x000000008fb00000, 0x000000008fc00000, 0x000000008fc00000|100%| O|Cm|TAMS 0x000000008fb00000| PB 0x000000008fb00000| Complete 
| 252|0x000000008fc00000, 0x000000008fd00000, 0x000000008fd00000|100%| O|Cm|TAMS 0x000000008fc00000| PB 0x000000008fc00000| Complete 
| 253|0x000000008fd00000, 0x000000008fe00000, 0x000000008fe00000|100%| O|Cm|TAMS 0x000000008fd00000| PB 0x000000008fd00000| Complete 
| 254|0x000000008fe00000, 0x000000008ff00000, 0x000000008ff00000|100%| O|  |TAMS 0x000000008fe00000| PB 0x000000008fe00000| Untracked 
| 255|0x000000008ff00000, 0x0000000090000000, 0x0000000090000000|100%| O|  |TAMS 0x000000008ff00000| PB 0x000000008ff00000| Untracked 
| 256|0x0000000090000000, 0x0000000090100000, 0x0000000090100000|100%| O|  |TAMS 0x0000000090000000| PB 0x0000000090000000| Untracked 
| 257|0x0000000090100000, 0x0000000090200000, 0x0000000090200000|100%| O|  |TAMS 0x0000000090100000| PB 0x0000000090100000| Untracked 
| 258|0x0000000090200000, 0x0000000090300000, 0x0000000090300000|100%| O|Cm|TAMS 0x0000000090200000| PB 0x0000000090200000| Complete 
| 259|0x0000000090300000, 0x0000000090400000, 0x0000000090400000|100%| O|Cm|TAMS 0x0000000090300000| PB 0x0000000090300000| Complete 
| 260|0x0000000090400000, 0x0000000090500000, 0x0000000090500000|100%| O|Cm|TAMS 0x0000000090400000| PB 0x0000000090400000| Complete 
| 261|0x0000000090500000, 0x0000000090600000, 0x0000000090600000|100%| O|Cm|TAMS 0x0000000090500000| PB 0x0000000090500000| Complete 
| 262|0x0000000090600000, 0x0000000090700000, 0x0000000090700000|100%| O|Cm|TAMS 0x0000000090600000| PB 0x0000000090600000| Complete 
| 263|0x0000000090700000, 0x0000000090800000, 0x0000000090800000|100%| O|  |TAMS 0x0000000090700000| PB 0x0000000090700000| Untracked 
| 264|0x0000000090800000, 0x0000000090900000, 0x0000000090900000|100%| O|  |TAMS 0x0000000090800000| PB 0x0000000090800000| Untracked 
| 265|0x0000000090900000, 0x0000000090a00000, 0x0000000090a00000|100%| O|  |TAMS 0x0000000090900000| PB 0x0000000090900000| Untracked 
| 266|0x0000000090a00000, 0x0000000090b00000, 0x0000000090b00000|100%|HS|  |TAMS 0x0000000090a00000| PB 0x0000000090a00000| Complete 
| 267|0x0000000090b00000, 0x0000000090c00000, 0x0000000090c00000|100%|HC|  |TAMS 0x0000000090b00000| PB 0x0000000090b00000| Complete 
| 268|0x0000000090c00000, 0x0000000090d00000, 0x0000000090d00000|100%|HC|  |TAMS 0x0000000090c00000| PB 0x0000000090c00000| Complete 
| 269|0x0000000090d00000, 0x0000000090e00000, 0x0000000090e00000|100%| O|  |TAMS 0x0000000090d00000| PB 0x0000000090d00000| Untracked 
| 270|0x0000000090e00000, 0x0000000090f00000, 0x0000000090f00000|100%| O|Cm|TAMS 0x0000000090e00000| PB 0x0000000090e00000| Complete 
| 271|0x0000000090f00000, 0x0000000091000000, 0x0000000091000000|100%| O|Cm|TAMS 0x0000000090f00000| PB 0x0000000090f00000| Complete 
| 272|0x0000000091000000, 0x0000000091100000, 0x0000000091100000|100%|HS|  |TAMS 0x0000000091000000| PB 0x0000000091000000| Complete 
| 273|0x0000000091100000, 0x0000000091200000, 0x0000000091200000|100%|HC|  |TAMS 0x0000000091100000| PB 0x0000000091100000| Complete 
| 274|0x0000000091200000, 0x0000000091300000, 0x0000000091300000|100%|HS|  |TAMS 0x0000000091200000| PB 0x0000000091200000| Complete 
| 275|0x0000000091300000, 0x0000000091400000, 0x0000000091400000|100%|HC|  |TAMS 0x0000000091300000| PB 0x0000000091300000| Complete 
| 276|0x0000000091400000, 0x0000000091500000, 0x0000000091500000|100%|HS|  |TAMS 0x0000000091400000| PB 0x0000000091400000| Complete 
| 277|0x0000000091500000, 0x0000000091600000, 0x0000000091600000|100%|HC|  |TAMS 0x0000000091500000| PB 0x0000000091500000| Complete 
| 278|0x0000000091600000, 0x0000000091700000, 0x0000000091700000|100%| O|  |TAMS 0x0000000091600000| PB 0x0000000091600000| Untracked 
| 279|0x0000000091700000, 0x0000000091800000, 0x0000000091800000|100%| O|Cm|TAMS 0x0000000091700000| PB 0x0000000091700000| Complete 
| 280|0x0000000091800000, 0x0000000091900000, 0x0000000091900000|100%| O|  |TAMS 0x0000000091800000| PB 0x0000000091800000| Untracked 
| 281|0x0000000091900000, 0x0000000091a00000, 0x0000000091a00000|100%| O|  |TAMS 0x0000000091900000| PB 0x0000000091900000| Untracked 
| 282|0x0000000091a00000, 0x0000000091b00000, 0x0000000091b00000|100%| O|  |TAMS 0x0000000091a00000| PB 0x0000000091a00000| Untracked 
| 283|0x0000000091b00000, 0x0000000091c00000, 0x0000000091c00000|100%| O|  |TAMS 0x0000000091b00000| PB 0x0000000091b00000| Untracked 
| 284|0x0000000091c00000, 0x0000000091d00000, 0x0000000091d00000|100%| O|  |TAMS 0x0000000091c00000| PB 0x0000000091c00000| Untracked 
| 285|0x0000000091d00000, 0x0000000091e00000, 0x0000000091e00000|100%| O|  |TAMS 0x0000000091d00000| PB 0x0000000091d00000| Untracked 
| 286|0x0000000091e00000, 0x0000000091f00000, 0x0000000091f00000|100%| O|  |TAMS 0x0000000091e00000| PB 0x0000000091e00000| Untracked 
| 287|0x0000000091f00000, 0x0000000092000000, 0x0000000092000000|100%|HS|  |TAMS 0x0000000091f00000| PB 0x0000000091f00000| Complete 
| 288|0x0000000092000000, 0x0000000092100000, 0x0000000092100000|100%|HC|  |TAMS 0x0000000092000000| PB 0x0000000092000000| Complete 
| 289|0x0000000092100000, 0x0000000092200000, 0x0000000092200000|100%|HS|  |TAMS 0x0000000092100000| PB 0x0000000092100000| Complete 
| 290|0x0000000092200000, 0x0000000092300000, 0x0000000092300000|100%|HC|  |TAMS 0x0000000092200000| PB 0x0000000092200000| Complete 
| 291|0x0000000092300000, 0x0000000092400000, 0x0000000092400000|100%|HC|  |TAMS 0x0000000092300000| PB 0x0000000092300000| Complete 
| 292|0x0000000092400000, 0x0000000092500000, 0x0000000092500000|100%|HS|  |TAMS 0x0000000092400000| PB 0x0000000092400000| Complete 
| 293|0x0000000092500000, 0x0000000092600000, 0x0000000092600000|100%| O|  |TAMS 0x0000000092500000| PB 0x0000000092500000| Untracked 
| 294|0x0000000092600000, 0x0000000092700000, 0x0000000092700000|100%| O|  |TAMS 0x0000000092600000| PB 0x0000000092600000| Untracked 
| 295|0x0000000092700000, 0x0000000092800000, 0x0000000092800000|100%| O|  |TAMS 0x0000000092700000| PB 0x0000000092700000| Untracked 
| 296|0x0000000092800000, 0x0000000092900000, 0x0000000092900000|100%| O|  |TAMS 0x0000000092800000| PB 0x0000000092800000| Untracked 
| 297|0x0000000092900000, 0x0000000092a00000, 0x0000000092a00000|100%| O|  |TAMS 0x0000000092900000| PB 0x0000000092900000| Untracked 
| 298|0x0000000092a00000, 0x0000000092b00000, 0x0000000092b00000|100%|HS|  |TAMS 0x0000000092a00000| PB 0x0000000092a00000| Complete 
| 299|0x0000000092b00000, 0x0000000092c00000, 0x0000000092c00000|100%|HS|  |TAMS 0x0000000092b00000| PB 0x0000000092b00000| Complete 
| 300|0x0000000092c00000, 0x0000000092d00000, 0x0000000092d00000|100%|HC|  |TAMS 0x0000000092c00000| PB 0x0000000092c00000| Complete 
| 301|0x0000000092d00000, 0x0000000092e00000, 0x0000000092e00000|100%|HC|  |TAMS 0x0000000092d00000| PB 0x0000000092d00000| Complete 
| 302|0x0000000092e00000, 0x0000000092f00000, 0x0000000092f00000|100%|HC|  |TAMS 0x0000000092e00000| PB 0x0000000092e00000| Complete 
| 303|0x0000000092f00000, 0x0000000093000000, 0x0000000093000000|100%|HC|  |TAMS 0x0000000092f00000| PB 0x0000000092f00000| Complete 
| 304|0x0000000093000000, 0x0000000093100000, 0x0000000093100000|100%|HC|  |TAMS 0x0000000093000000| PB 0x0000000093000000| Complete 
| 305|0x0000000093100000, 0x0000000093200000, 0x0000000093200000|100%|HC|  |TAMS 0x0000000093100000| PB 0x0000000093100000| Complete 
| 306|0x0000000093200000, 0x0000000093300000, 0x0000000093300000|100%| O|  |TAMS 0x0000000093200000| PB 0x0000000093200000| Untracked 
| 307|0x0000000093300000, 0x0000000093400000, 0x0000000093400000|100%| O|  |TAMS 0x0000000093300000| PB 0x0000000093300000| Untracked 
| 308|0x0000000093400000, 0x0000000093500000, 0x0000000093500000|100%| O|  |TAMS 0x0000000093400000| PB 0x0000000093400000| Untracked 
| 309|0x0000000093500000, 0x0000000093600000, 0x0000000093600000|100%| O|  |TAMS 0x0000000093500000| PB 0x0000000093500000| Untracked 
| 310|0x0000000093600000, 0x0000000093700000, 0x0000000093700000|100%| O|  |TAMS 0x0000000093600000| PB 0x0000000093600000| Untracked 
| 311|0x0000000093700000, 0x0000000093800000, 0x0000000093800000|100%| O|  |TAMS 0x0000000093700000| PB 0x0000000093700000| Untracked 
| 312|0x0000000093800000, 0x0000000093900000, 0x0000000093900000|100%| O|  |TAMS 0x0000000093800000| PB 0x0000000093800000| Untracked 
| 313|0x0000000093900000, 0x0000000093a00000, 0x0000000093a00000|100%| O|  |TAMS 0x0000000093900000| PB 0x0000000093900000| Untracked 
| 314|0x0000000093a00000, 0x0000000093b00000, 0x0000000093b00000|100%| O|Cm|TAMS 0x0000000093a00000| PB 0x0000000093a00000| Complete 
| 315|0x0000000093b00000, 0x0000000093c00000, 0x0000000093c00000|100%| O|  |TAMS 0x0000000093b00000| PB 0x0000000093b00000| Untracked 
| 316|0x0000000093c00000, 0x0000000093d00000, 0x0000000093d00000|100%| O|  |TAMS 0x0000000093c00000| PB 0x0000000093c00000| Untracked 
| 317|0x0000000093d00000, 0x0000000093e00000, 0x0000000093e00000|100%| O|Cm|TAMS 0x0000000093d00000| PB 0x0000000093d00000| Complete 
| 318|0x0000000093e00000, 0x0000000093f00000, 0x0000000093f00000|100%| O|  |TAMS 0x0000000093e00000| PB 0x0000000093e00000| Untracked 
| 319|0x0000000093f00000, 0x0000000094000000, 0x0000000094000000|100%| O|  |TAMS 0x0000000093f00000| PB 0x0000000093f00000| Untracked 
| 320|0x0000000094000000, 0x0000000094100000, 0x0000000094100000|100%| O|  |TAMS 0x0000000094000000| PB 0x0000000094000000| Untracked 
| 321|0x0000000094100000, 0x0000000094200000, 0x0000000094200000|100%| O|  |TAMS 0x0000000094100000| PB 0x0000000094100000| Untracked 
| 322|0x0000000094200000, 0x0000000094300000, 0x0000000094300000|100%| O|  |TAMS 0x0000000094200000| PB 0x0000000094200000| Untracked 
| 323|0x0000000094300000, 0x0000000094400000, 0x0000000094400000|100%| O|  |TAMS 0x0000000094300000| PB 0x0000000094300000| Untracked 
| 324|0x0000000094400000, 0x0000000094500000, 0x0000000094500000|100%| O|  |TAMS 0x0000000094400000| PB 0x0000000094400000| Untracked 
| 325|0x0000000094500000, 0x0000000094600000, 0x0000000094600000|100%| O|  |TAMS 0x0000000094500000| PB 0x0000000094500000| Untracked 
| 326|0x0000000094600000, 0x0000000094700000, 0x0000000094700000|100%| O|  |TAMS 0x0000000094600000| PB 0x0000000094600000| Untracked 
| 327|0x0000000094700000, 0x0000000094800000, 0x0000000094800000|100%| O|  |TAMS 0x0000000094700000| PB 0x0000000094700000| Untracked 
| 328|0x0000000094800000, 0x0000000094900000, 0x0000000094900000|100%|HS|  |TAMS 0x0000000094800000| PB 0x0000000094800000| Complete 
| 329|0x0000000094900000, 0x0000000094a00000, 0x0000000094a00000|100%| O|  |TAMS 0x0000000094900000| PB 0x0000000094900000| Untracked 
| 330|0x0000000094a00000, 0x0000000094b00000, 0x0000000094b00000|100%| O|  |TAMS 0x0000000094a00000| PB 0x0000000094a00000| Untracked 
| 331|0x0000000094b00000, 0x0000000094c00000, 0x0000000094c00000|100%|HS|  |TAMS 0x0000000094b00000| PB 0x0000000094b00000| Complete 
| 332|0x0000000094c00000, 0x0000000094d00000, 0x0000000094d00000|100%|HS|  |TAMS 0x0000000094c00000| PB 0x0000000094c00000| Complete 
| 333|0x0000000094d00000, 0x0000000094e00000, 0x0000000094e00000|100%| O|  |TAMS 0x0000000094d00000| PB 0x0000000094d00000| Untracked 
| 334|0x0000000094e00000, 0x0000000094f00000, 0x0000000094f00000|100%| O|  |TAMS 0x0000000094e00000| PB 0x0000000094e00000| Untracked 
| 335|0x0000000094f00000, 0x0000000095000000, 0x0000000095000000|100%| O|  |TAMS 0x0000000094f00000| PB 0x0000000094f00000| Untracked 
| 336|0x0000000095000000, 0x0000000095100000, 0x0000000095100000|100%| O|  |TAMS 0x0000000095000000| PB 0x0000000095000000| Untracked 
| 337|0x0000000095100000, 0x0000000095200000, 0x0000000095200000|100%| O|  |TAMS 0x0000000095100000| PB 0x0000000095100000| Untracked 
| 338|0x0000000095200000, 0x0000000095300000, 0x0000000095300000|100%| O|  |TAMS 0x0000000095200000| PB 0x0000000095200000| Untracked 
| 339|0x0000000095300000, 0x0000000095400000, 0x0000000095400000|100%| O|  |TAMS 0x0000000095300000| PB 0x0000000095300000| Untracked 
| 340|0x0000000095400000, 0x0000000095500000, 0x0000000095500000|100%| O|  |TAMS 0x0000000095400000| PB 0x0000000095400000| Untracked 
| 341|0x0000000095500000, 0x0000000095600000, 0x0000000095600000|100%| O|  |TAMS 0x0000000095500000| PB 0x0000000095500000| Untracked 
| 342|0x0000000095600000, 0x0000000095700000, 0x0000000095700000|100%| O|  |TAMS 0x0000000095600000| PB 0x0000000095600000| Untracked 
| 343|0x0000000095700000, 0x0000000095800000, 0x0000000095800000|100%| O|  |TAMS 0x0000000095700000| PB 0x0000000095700000| Untracked 
| 344|0x0000000095800000, 0x0000000095900000, 0x0000000095900000|100%| O|  |TAMS 0x0000000095800000| PB 0x0000000095800000| Untracked 
| 345|0x0000000095900000, 0x0000000095a00000, 0x0000000095a00000|100%| O|  |TAMS 0x0000000095900000| PB 0x0000000095900000| Untracked 
| 346|0x0000000095a00000, 0x0000000095b00000, 0x0000000095b00000|100%| O|  |TAMS 0x0000000095a00000| PB 0x0000000095a00000| Untracked 
| 347|0x0000000095b00000, 0x0000000095c00000, 0x0000000095c00000|100%| O|  |TAMS 0x0000000095b00000| PB 0x0000000095b00000| Untracked 
| 348|0x0000000095c00000, 0x0000000095d00000, 0x0000000095d00000|100%| O|  |TAMS 0x0000000095c00000| PB 0x0000000095c00000| Untracked 
| 349|0x0000000095d00000, 0x0000000095e00000, 0x0000000095e00000|100%| O|  |TAMS 0x0000000095d00000| PB 0x0000000095d00000| Untracked 
| 350|0x0000000095e00000, 0x0000000095f00000, 0x0000000095f00000|100%| O|  |TAMS 0x0000000095e00000| PB 0x0000000095e00000| Untracked 
| 351|0x0000000095f00000, 0x0000000096000000, 0x0000000096000000|100%| O|  |TAMS 0x0000000095f00000| PB 0x0000000095f00000| Untracked 
| 352|0x0000000096000000, 0x0000000096100000, 0x0000000096100000|100%|HS|  |TAMS 0x0000000096000000| PB 0x0000000096000000| Complete 
| 353|0x0000000096100000, 0x0000000096200000, 0x0000000096200000|100%|HS|  |TAMS 0x0000000096100000| PB 0x0000000096100000| Complete 
| 354|0x0000000096200000, 0x0000000096300000, 0x0000000096300000|100%| O|  |TAMS 0x0000000096200000| PB 0x0000000096200000| Untracked 
| 355|0x0000000096300000, 0x0000000096400000, 0x0000000096400000|100%| O|  |TAMS 0x0000000096300000| PB 0x0000000096300000| Untracked 
| 356|0x0000000096400000, 0x0000000096500000, 0x0000000096500000|100%| O|  |TAMS 0x0000000096400000| PB 0x0000000096400000| Untracked 
| 357|0x0000000096500000, 0x0000000096600000, 0x0000000096600000|100%| O|  |TAMS 0x0000000096500000| PB 0x0000000096500000| Untracked 
| 358|0x0000000096600000, 0x0000000096700000, 0x0000000096700000|100%| O|  |TAMS 0x0000000096600000| PB 0x0000000096600000| Untracked 
| 359|0x0000000096700000, 0x0000000096800000, 0x0000000096800000|100%| O|  |TAMS 0x0000000096700000| PB 0x0000000096700000| Untracked 
| 360|0x0000000096800000, 0x0000000096900000, 0x0000000096900000|100%| O|  |TAMS 0x0000000096800000| PB 0x0000000096800000| Untracked 
| 361|0x0000000096900000, 0x0000000096a00000, 0x0000000096a00000|100%| O|  |TAMS 0x0000000096900000| PB 0x0000000096900000| Untracked 
| 362|0x0000000096a00000, 0x0000000096b00000, 0x0000000096b00000|100%| O|  |TAMS 0x0000000096a00000| PB 0x0000000096a00000| Untracked 
| 363|0x0000000096b00000, 0x0000000096c00000, 0x0000000096c00000|100%| O|  |TAMS 0x0000000096b00000| PB 0x0000000096b00000| Untracked 
| 364|0x0000000096c00000, 0x0000000096d00000, 0x0000000096d00000|100%| O|  |TAMS 0x0000000096c00000| PB 0x0000000096c00000| Untracked 
| 365|0x0000000096d00000, 0x0000000096d80000, 0x0000000096e00000| 50%| O|  |TAMS 0x0000000096d00000| PB 0x0000000096d00000| Untracked 
| 366|0x0000000096e00000, 0x0000000096f00000, 0x0000000096f00000|100%|HS|  |TAMS 0x0000000096e00000| PB 0x0000000096e00000| Complete 
| 367|0x0000000096f00000, 0x0000000097000000, 0x0000000097000000|100%| O|  |TAMS 0x0000000096f00000| PB 0x0000000096f00000| Untracked 
| 368|0x0000000097000000, 0x0000000097100000, 0x0000000097100000|100%| O|  |TAMS 0x0000000097000000| PB 0x0000000097000000| Untracked 
| 369|0x0000000097100000, 0x0000000097200000, 0x0000000097200000|100%| O|  |TAMS 0x0000000097100000| PB 0x0000000097100000| Untracked 
| 370|0x0000000097200000, 0x0000000097300000, 0x0000000097300000|100%| O|  |TAMS 0x0000000097200000| PB 0x0000000097200000| Untracked 
| 371|0x0000000097300000, 0x0000000097400000, 0x0000000097400000|100%| O|  |TAMS 0x0000000097300000| PB 0x0000000097300000| Untracked 
| 372|0x0000000097400000, 0x0000000097500000, 0x0000000097500000|100%| O|  |TAMS 0x0000000097400000| PB 0x0000000097400000| Untracked 
| 373|0x0000000097500000, 0x0000000097600000, 0x0000000097600000|100%| O|  |TAMS 0x0000000097500000| PB 0x0000000097500000| Untracked 
| 374|0x0000000097600000, 0x0000000097700000, 0x0000000097700000|100%| O|  |TAMS 0x0000000097600000| PB 0x0000000097600000| Untracked 
| 375|0x0000000097700000, 0x0000000097800000, 0x0000000097800000|100%| O|  |TAMS 0x0000000097700000| PB 0x0000000097700000| Untracked 
| 376|0x0000000097800000, 0x0000000097900000, 0x0000000097900000|100%| O|  |TAMS 0x0000000097800000| PB 0x0000000097800000| Untracked 
| 377|0x0000000097900000, 0x0000000097a00000, 0x0000000097a00000|100%|HS|  |TAMS 0x0000000097900000| PB 0x0000000097900000| Complete 
| 378|0x0000000097a00000, 0x0000000097b00000, 0x0000000097b00000|100%|HS|  |TAMS 0x0000000097a00000| PB 0x0000000097a00000| Complete 
| 379|0x0000000097b00000, 0x0000000097c00000, 0x0000000097c00000|100%|HC|  |TAMS 0x0000000097b00000| PB 0x0000000097b00000| Complete 
| 380|0x0000000097c00000, 0x0000000097d00000, 0x0000000097d00000|100%|HS|  |TAMS 0x0000000097c00000| PB 0x0000000097c00000| Complete 
| 381|0x0000000097d00000, 0x0000000097e00000, 0x0000000097e00000|100%|HS|  |TAMS 0x0000000097d00000| PB 0x0000000097d00000| Complete 
| 382|0x0000000097e00000, 0x0000000097f00000, 0x0000000097f00000|100%|HS|  |TAMS 0x0000000097e00000| PB 0x0000000097e00000| Complete 
| 383|0x0000000097f00000, 0x0000000098000000, 0x0000000098000000|100%|HS|  |TAMS 0x0000000097f00000| PB 0x0000000097f00000| Complete 
| 384|0x0000000098000000, 0x0000000098100000, 0x0000000098100000|100%|HC|  |TAMS 0x0000000098000000| PB 0x0000000098000000| Complete 
| 385|0x0000000098100000, 0x0000000098200000, 0x0000000098200000|100%|HS|  |TAMS 0x0000000098100000| PB 0x0000000098100000| Complete 
| 386|0x0000000098200000, 0x0000000098300000, 0x0000000098300000|100%|HS|  |TAMS 0x0000000098200000| PB 0x0000000098200000| Complete 
| 387|0x0000000098300000, 0x0000000098400000, 0x0000000098400000|100%|HC|  |TAMS 0x0000000098300000| PB 0x0000000098300000| Complete 
| 388|0x0000000098400000, 0x0000000098500000, 0x0000000098500000|100%|HC|  |TAMS 0x0000000098400000| PB 0x0000000098400000| Complete 
| 389|0x0000000098500000, 0x0000000098600000, 0x0000000098600000|100%|HC|  |TAMS 0x0000000098500000| PB 0x0000000098500000| Complete 
| 390|0x0000000098600000, 0x0000000098700000, 0x0000000098700000|100%|HC|  |TAMS 0x0000000098600000| PB 0x0000000098600000| Complete 
| 391|0x0000000098700000, 0x0000000098800000, 0x0000000098800000|100%|HC|  |TAMS 0x0000000098700000| PB 0x0000000098700000| Complete 
| 392|0x0000000098800000, 0x0000000098900000, 0x0000000098900000|100%|HC|  |TAMS 0x0000000098800000| PB 0x0000000098800000| Complete 
| 393|0x0000000098900000, 0x0000000098a00000, 0x0000000098a00000|100%|HC|  |TAMS 0x0000000098900000| PB 0x0000000098900000| Complete 
| 394|0x0000000098a00000, 0x0000000098b00000, 0x0000000098b00000|100%|HC|  |TAMS 0x0000000098a00000| PB 0x0000000098a00000| Complete 
| 395|0x0000000098b00000, 0x0000000098c00000, 0x0000000098c00000|100%|HC|  |TAMS 0x0000000098b00000| PB 0x0000000098b00000| Complete 
| 396|0x0000000098c00000, 0x0000000098d00000, 0x0000000098d00000|100%|HC|  |TAMS 0x0000000098c00000| PB 0x0000000098c00000| Complete 
| 397|0x0000000098d00000, 0x0000000098e00000, 0x0000000098e00000|100%|HS|  |TAMS 0x0000000098d00000| PB 0x0000000098d00000| Complete 
| 398|0x0000000098e00000, 0x0000000098f00000, 0x0000000098f00000|100%|HC|  |TAMS 0x0000000098e00000| PB 0x0000000098e00000| Complete 
| 399|0x0000000098f00000, 0x0000000099000000, 0x0000000099000000|100%|HC|  |TAMS 0x0000000098f00000| PB 0x0000000098f00000| Complete 
| 400|0x0000000099000000, 0x0000000099100000, 0x0000000099100000|100%|HC|  |TAMS 0x0000000099000000| PB 0x0000000099000000| Complete 
| 401|0x0000000099100000, 0x0000000099200000, 0x0000000099200000|100%|HC|  |TAMS 0x0000000099100000| PB 0x0000000099100000| Complete 
| 402|0x0000000099200000, 0x0000000099300000, 0x0000000099300000|100%|HC|  |TAMS 0x0000000099200000| PB 0x0000000099200000| Complete 
| 403|0x0000000099300000, 0x0000000099400000, 0x0000000099400000|100%|HC|  |TAMS 0x0000000099300000| PB 0x0000000099300000| Complete 
| 404|0x0000000099400000, 0x0000000099500000, 0x0000000099500000|100%|HC|  |TAMS 0x0000000099400000| PB 0x0000000099400000| Complete 
| 405|0x0000000099500000, 0x0000000099600000, 0x0000000099600000|100%|HC|  |TAMS 0x0000000099500000| PB 0x0000000099500000| Complete 
| 406|0x0000000099600000, 0x0000000099700000, 0x0000000099700000|100%|HC|  |TAMS 0x0000000099600000| PB 0x0000000099600000| Complete 
| 407|0x0000000099700000, 0x0000000099800000, 0x0000000099800000|100%|HC|  |TAMS 0x0000000099700000| PB 0x0000000099700000| Complete 
| 408|0x0000000099800000, 0x0000000099900000, 0x0000000099900000|100%|HC|  |TAMS 0x0000000099800000| PB 0x0000000099800000| Complete 
| 409|0x0000000099900000, 0x0000000099a00000, 0x0000000099a00000|100%|HC|  |TAMS 0x0000000099900000| PB 0x0000000099900000| Complete 
| 410|0x0000000099a00000, 0x0000000099b00000, 0x0000000099b00000|100%|HC|  |TAMS 0x0000000099a00000| PB 0x0000000099a00000| Complete 
| 411|0x0000000099b00000, 0x0000000099c00000, 0x0000000099c00000|100%|HC|  |TAMS 0x0000000099b00000| PB 0x0000000099b00000| Complete 
| 412|0x0000000099c00000, 0x0000000099d00000, 0x0000000099d00000|100%|HC|  |TAMS 0x0000000099c00000| PB 0x0000000099c00000| Complete 
| 413|0x0000000099d00000, 0x0000000099e00000, 0x0000000099e00000|100%|HC|  |TAMS 0x0000000099d00000| PB 0x0000000099d00000| Complete 
| 414|0x0000000099e00000, 0x0000000099f00000, 0x0000000099f00000|100%|HC|  |TAMS 0x0000000099e00000| PB 0x0000000099e00000| Complete 
| 415|0x0000000099f00000, 0x000000009a000000, 0x000000009a000000|100%|HC|  |TAMS 0x0000000099f00000| PB 0x0000000099f00000| Complete 
| 416|0x000000009a000000, 0x000000009a100000, 0x000000009a100000|100%|HC|  |TAMS 0x000000009a000000| PB 0x000000009a000000| Complete 
| 417|0x000000009a100000, 0x000000009a200000, 0x000000009a200000|100%|HC|  |TAMS 0x000000009a100000| PB 0x000000009a100000| Complete 
| 418|0x000000009a200000, 0x000000009a200000, 0x000000009a300000|  0%| F|  |TAMS 0x000000009a200000| PB 0x000000009a200000| Untracked 
| 419|0x000000009a300000, 0x000000009a300000, 0x000000009a400000|  0%| F|  |TAMS 0x000000009a300000| PB 0x000000009a300000| Untracked 
| 420|0x000000009a400000, 0x000000009a400000, 0x000000009a500000|  0%| F|  |TAMS 0x000000009a400000| PB 0x000000009a400000| Untracked 
| 421|0x000000009a500000, 0x000000009a500000, 0x000000009a600000|  0%| F|  |TAMS 0x000000009a500000| PB 0x000000009a500000| Untracked 
| 422|0x000000009a600000, 0x000000009a600000, 0x000000009a700000|  0%| F|  |TAMS 0x000000009a600000| PB 0x000000009a600000| Untracked 
| 423|0x000000009a700000, 0x000000009a700000, 0x000000009a800000|  0%| F|  |TAMS 0x000000009a700000| PB 0x000000009a700000| Untracked 
| 424|0x000000009a800000, 0x000000009a800000, 0x000000009a900000|  0%| F|  |TAMS 0x000000009a800000| PB 0x000000009a800000| Untracked 
| 425|0x000000009a900000, 0x000000009a900000, 0x000000009aa00000|  0%| F|  |TAMS 0x000000009a900000| PB 0x000000009a900000| Untracked 
| 426|0x000000009aa00000, 0x000000009aa00000, 0x000000009ab00000|  0%| F|  |TAMS 0x000000009aa00000| PB 0x000000009aa00000| Untracked 
| 427|0x000000009ab00000, 0x000000009ab00000, 0x000000009ac00000|  0%| F|  |TAMS 0x000000009ab00000| PB 0x000000009ab00000| Untracked 
| 428|0x000000009ac00000, 0x000000009ac00000, 0x000000009ad00000|  0%| F|  |TAMS 0x000000009ac00000| PB 0x000000009ac00000| Untracked 
| 429|0x000000009ad00000, 0x000000009ad00000, 0x000000009ae00000|  0%| F|  |TAMS 0x000000009ad00000| PB 0x000000009ad00000| Untracked 
| 430|0x000000009ae00000, 0x000000009ae00000, 0x000000009af00000|  0%| F|  |TAMS 0x000000009ae00000| PB 0x000000009ae00000| Untracked 
| 431|0x000000009af00000, 0x000000009af00000, 0x000000009b000000|  0%| F|  |TAMS 0x000000009af00000| PB 0x000000009af00000| Untracked 
| 432|0x000000009b000000, 0x000000009b000000, 0x000000009b100000|  0%| F|  |TAMS 0x000000009b000000| PB 0x000000009b000000| Untracked 
| 433|0x000000009b100000, 0x000000009b100000, 0x000000009b200000|  0%| F|  |TAMS 0x000000009b100000| PB 0x000000009b100000| Untracked 
| 434|0x000000009b200000, 0x000000009b200000, 0x000000009b300000|  0%| F|  |TAMS 0x000000009b200000| PB 0x000000009b200000| Untracked 
| 435|0x000000009b300000, 0x000000009b300000, 0x000000009b400000|  0%| F|  |TAMS 0x000000009b300000| PB 0x000000009b300000| Untracked 
| 436|0x000000009b400000, 0x000000009b400000, 0x000000009b500000|  0%| F|  |TAMS 0x000000009b400000| PB 0x000000009b400000| Untracked 
| 437|0x000000009b500000, 0x000000009b500000, 0x000000009b600000|  0%| F|  |TAMS 0x000000009b500000| PB 0x000000009b500000| Untracked 
| 438|0x000000009b600000, 0x000000009b600000, 0x000000009b700000|  0%| F|  |TAMS 0x000000009b600000| PB 0x000000009b600000| Untracked 
| 439|0x000000009b700000, 0x000000009b700000, 0x000000009b800000|  0%| F|  |TAMS 0x000000009b700000| PB 0x000000009b700000| Untracked 
| 440|0x000000009b800000, 0x000000009b800000, 0x000000009b900000|  0%| F|  |TAMS 0x000000009b800000| PB 0x000000009b800000| Untracked 
| 441|0x000000009b900000, 0x000000009b900000, 0x000000009ba00000|  0%| F|  |TAMS 0x000000009b900000| PB 0x000000009b900000| Untracked 
| 442|0x000000009ba00000, 0x000000009ba00000, 0x000000009bb00000|  0%| F|  |TAMS 0x000000009ba00000| PB 0x000000009ba00000| Untracked 
| 443|0x000000009bb00000, 0x000000009bb00000, 0x000000009bc00000|  0%| F|  |TAMS 0x000000009bb00000| PB 0x000000009bb00000| Untracked 
| 444|0x000000009bc00000, 0x000000009bc00000, 0x000000009bd00000|  0%| F|  |TAMS 0x000000009bc00000| PB 0x000000009bc00000| Untracked 
| 445|0x000000009bd00000, 0x000000009bd00000, 0x000000009be00000|  0%| F|  |TAMS 0x000000009bd00000| PB 0x000000009bd00000| Untracked 
| 446|0x000000009be00000, 0x000000009be00000, 0x000000009bf00000|  0%| F|  |TAMS 0x000000009be00000| PB 0x000000009be00000| Untracked 
| 447|0x000000009bf00000, 0x000000009bf00000, 0x000000009c000000|  0%| F|  |TAMS 0x000000009bf00000| PB 0x000000009bf00000| Untracked 
| 448|0x000000009c000000, 0x000000009c000000, 0x000000009c100000|  0%| F|  |TAMS 0x000000009c000000| PB 0x000000009c000000| Untracked 
| 449|0x000000009c100000, 0x000000009c100000, 0x000000009c200000|  0%| F|  |TAMS 0x000000009c100000| PB 0x000000009c100000| Untracked 
| 450|0x000000009c200000, 0x000000009c200000, 0x000000009c300000|  0%| F|  |TAMS 0x000000009c200000| PB 0x000000009c200000| Untracked 
| 451|0x000000009c300000, 0x000000009c300000, 0x000000009c400000|  0%| F|  |TAMS 0x000000009c300000| PB 0x000000009c300000| Untracked 
| 452|0x000000009c400000, 0x000000009c400000, 0x000000009c500000|  0%| F|  |TAMS 0x000000009c400000| PB 0x000000009c400000| Untracked 
| 453|0x000000009c500000, 0x000000009c500000, 0x000000009c600000|  0%| F|  |TAMS 0x000000009c500000| PB 0x000000009c500000| Untracked 
| 454|0x000000009c600000, 0x000000009c600000, 0x000000009c700000|  0%| F|  |TAMS 0x000000009c600000| PB 0x000000009c600000| Untracked 
| 455|0x000000009c700000, 0x000000009c700000, 0x000000009c800000|  0%| F|  |TAMS 0x000000009c700000| PB 0x000000009c700000| Untracked 
| 456|0x000000009c800000, 0x000000009c800000, 0x000000009c900000|  0%| F|  |TAMS 0x000000009c800000| PB 0x000000009c800000| Untracked 
| 457|0x000000009c900000, 0x000000009c900000, 0x000000009ca00000|  0%| F|  |TAMS 0x000000009c900000| PB 0x000000009c900000| Untracked 
| 458|0x000000009ca00000, 0x000000009ca00000, 0x000000009cb00000|  0%| F|  |TAMS 0x000000009ca00000| PB 0x000000009ca00000| Untracked 
| 459|0x000000009cb00000, 0x000000009cb00000, 0x000000009cc00000|  0%| F|  |TAMS 0x000000009cb00000| PB 0x000000009cb00000| Untracked 
| 460|0x000000009cc00000, 0x000000009cc00000, 0x000000009cd00000|  0%| F|  |TAMS 0x000000009cc00000| PB 0x000000009cc00000| Untracked 
| 461|0x000000009cd00000, 0x000000009cd00000, 0x000000009ce00000|  0%| F|  |TAMS 0x000000009cd00000| PB 0x000000009cd00000| Untracked 
| 462|0x000000009ce00000, 0x000000009ce00000, 0x000000009cf00000|  0%| F|  |TAMS 0x000000009ce00000| PB 0x000000009ce00000| Untracked 
| 463|0x000000009cf00000, 0x000000009cf00000, 0x000000009d000000|  0%| F|  |TAMS 0x000000009cf00000| PB 0x000000009cf00000| Untracked 
| 464|0x000000009d000000, 0x000000009d000000, 0x000000009d100000|  0%| F|  |TAMS 0x000000009d000000| PB 0x000000009d000000| Untracked 
| 465|0x000000009d100000, 0x000000009d100000, 0x000000009d200000|  0%| F|  |TAMS 0x000000009d100000| PB 0x000000009d100000| Untracked 
| 466|0x000000009d200000, 0x000000009d200000, 0x000000009d300000|  0%| F|  |TAMS 0x000000009d200000| PB 0x000000009d200000| Untracked 
| 467|0x000000009d300000, 0x000000009d300000, 0x000000009d400000|  0%| F|  |TAMS 0x000000009d300000| PB 0x000000009d300000| Untracked 
| 468|0x000000009d400000, 0x000000009d400000, 0x000000009d500000|  0%| F|  |TAMS 0x000000009d400000| PB 0x000000009d400000| Untracked 
| 469|0x000000009d500000, 0x000000009d500000, 0x000000009d600000|  0%| F|  |TAMS 0x000000009d500000| PB 0x000000009d500000| Untracked 
| 470|0x000000009d600000, 0x000000009d600000, 0x000000009d700000|  0%| F|  |TAMS 0x000000009d600000| PB 0x000000009d600000| Untracked 
| 471|0x000000009d700000, 0x000000009d700000, 0x000000009d800000|  0%| F|  |TAMS 0x000000009d700000| PB 0x000000009d700000| Untracked 
| 472|0x000000009d800000, 0x000000009d800000, 0x000000009d900000|  0%| F|  |TAMS 0x000000009d800000| PB 0x000000009d800000| Untracked 
| 473|0x000000009d900000, 0x000000009d900000, 0x000000009da00000|  0%| F|  |TAMS 0x000000009d900000| PB 0x000000009d900000| Untracked 
| 474|0x000000009da00000, 0x000000009da00000, 0x000000009db00000|  0%| F|  |TAMS 0x000000009da00000| PB 0x000000009da00000| Untracked 
| 475|0x000000009db00000, 0x000000009db00000, 0x000000009dc00000|  0%| F|  |TAMS 0x000000009db00000| PB 0x000000009db00000| Untracked 
| 476|0x000000009dc00000, 0x000000009dc00000, 0x000000009dd00000|  0%| F|  |TAMS 0x000000009dc00000| PB 0x000000009dc00000| Untracked 
| 477|0x000000009dd00000, 0x000000009dd00000, 0x000000009de00000|  0%| F|  |TAMS 0x000000009dd00000| PB 0x000000009dd00000| Untracked 
| 478|0x000000009de00000, 0x000000009de00000, 0x000000009df00000|  0%| F|  |TAMS 0x000000009de00000| PB 0x000000009de00000| Untracked 
| 479|0x000000009df00000, 0x000000009df00000, 0x000000009e000000|  0%| F|  |TAMS 0x000000009df00000| PB 0x000000009df00000| Untracked 
| 480|0x000000009e000000, 0x000000009e000000, 0x000000009e100000|  0%| F|  |TAMS 0x000000009e000000| PB 0x000000009e000000| Untracked 
| 481|0x000000009e100000, 0x000000009e100000, 0x000000009e200000|  0%| F|  |TAMS 0x000000009e100000| PB 0x000000009e100000| Untracked 
| 482|0x000000009e200000, 0x000000009e200000, 0x000000009e300000|  0%| F|  |TAMS 0x000000009e200000| PB 0x000000009e200000| Untracked 
| 483|0x000000009e300000, 0x000000009e300000, 0x000000009e400000|  0%| F|  |TAMS 0x000000009e300000| PB 0x000000009e300000| Untracked 
| 484|0x000000009e400000, 0x000000009e400000, 0x000000009e500000|  0%| F|  |TAMS 0x000000009e400000| PB 0x000000009e400000| Untracked 
| 485|0x000000009e500000, 0x000000009e500000, 0x000000009e600000|  0%| F|  |TAMS 0x000000009e500000| PB 0x000000009e500000| Untracked 
| 486|0x000000009e600000, 0x000000009e600000, 0x000000009e700000|  0%| F|  |TAMS 0x000000009e600000| PB 0x000000009e600000| Untracked 
| 487|0x000000009e700000, 0x000000009e700000, 0x000000009e800000|  0%| F|  |TAMS 0x000000009e700000| PB 0x000000009e700000| Untracked 
| 488|0x000000009e800000, 0x000000009e800000, 0x000000009e900000|  0%| F|  |TAMS 0x000000009e800000| PB 0x000000009e800000| Untracked 
| 489|0x000000009e900000, 0x000000009e900000, 0x000000009ea00000|  0%| F|  |TAMS 0x000000009e900000| PB 0x000000009e900000| Untracked 
| 490|0x000000009ea00000, 0x000000009ea00000, 0x000000009eb00000|  0%| F|  |TAMS 0x000000009ea00000| PB 0x000000009ea00000| Untracked 
| 491|0x000000009eb00000, 0x000000009eb00000, 0x000000009ec00000|  0%| F|  |TAMS 0x000000009eb00000| PB 0x000000009eb00000| Untracked 
| 492|0x000000009ec00000, 0x000000009ec00000, 0x000000009ed00000|  0%| F|  |TAMS 0x000000009ec00000| PB 0x000000009ec00000| Untracked 
| 493|0x000000009ed00000, 0x000000009ed00000, 0x000000009ee00000|  0%| F|  |TAMS 0x000000009ed00000| PB 0x000000009ed00000| Untracked 
| 494|0x000000009ee00000, 0x000000009ee00000, 0x000000009ef00000|  0%| F|  |TAMS 0x000000009ee00000| PB 0x000000009ee00000| Untracked 
| 495|0x000000009ef00000, 0x000000009ef00000, 0x000000009f000000|  0%| F|  |TAMS 0x000000009ef00000| PB 0x000000009ef00000| Untracked 
| 496|0x000000009f000000, 0x000000009f000000, 0x000000009f100000|  0%| F|  |TAMS 0x000000009f000000| PB 0x000000009f000000| Untracked 
| 497|0x000000009f100000, 0x000000009f100000, 0x000000009f200000|  0%| F|  |TAMS 0x000000009f100000| PB 0x000000009f100000| Untracked 
| 498|0x000000009f200000, 0x000000009f200000, 0x000000009f300000|  0%| F|  |TAMS 0x000000009f200000| PB 0x000000009f200000| Untracked 
| 499|0x000000009f300000, 0x000000009f300000, 0x000000009f400000|  0%| F|  |TAMS 0x000000009f300000| PB 0x000000009f300000| Untracked 
| 500|0x000000009f400000, 0x000000009f400000, 0x000000009f500000|  0%| F|  |TAMS 0x000000009f400000| PB 0x000000009f400000| Untracked 
| 501|0x000000009f500000, 0x000000009f500000, 0x000000009f600000|  0%| F|  |TAMS 0x000000009f500000| PB 0x000000009f500000| Untracked 
| 502|0x000000009f600000, 0x000000009f600000, 0x000000009f700000|  0%| F|  |TAMS 0x000000009f600000| PB 0x000000009f600000| Untracked 
| 503|0x000000009f700000, 0x000000009f700000, 0x000000009f800000|  0%| F|  |TAMS 0x000000009f700000| PB 0x000000009f700000| Untracked 
| 504|0x000000009f800000, 0x000000009f800000, 0x000000009f900000|  0%| F|  |TAMS 0x000000009f800000| PB 0x000000009f800000| Untracked 
| 505|0x000000009f900000, 0x000000009f900000, 0x000000009fa00000|  0%| F|  |TAMS 0x000000009f900000| PB 0x000000009f900000| Untracked 
| 506|0x000000009fa00000, 0x000000009fa00000, 0x000000009fb00000|  0%| F|  |TAMS 0x000000009fa00000| PB 0x000000009fa00000| Untracked 
| 507|0x000000009fb00000, 0x000000009fb00000, 0x000000009fc00000|  0%| F|  |TAMS 0x000000009fb00000| PB 0x000000009fb00000| Untracked 
| 508|0x000000009fc00000, 0x000000009fc00000, 0x000000009fd00000|  0%| F|  |TAMS 0x000000009fc00000| PB 0x000000009fc00000| Untracked 
| 509|0x000000009fd00000, 0x000000009fd00000, 0x000000009fe00000|  0%| F|  |TAMS 0x000000009fd00000| PB 0x000000009fd00000| Untracked 
| 510|0x000000009fe00000, 0x000000009fe00000, 0x000000009ff00000|  0%| F|  |TAMS 0x000000009fe00000| PB 0x000000009fe00000| Untracked 
| 511|0x000000009ff00000, 0x000000009ff00000, 0x00000000a0000000|  0%| F|  |TAMS 0x000000009ff00000| PB 0x000000009ff00000| Untracked 
| 512|0x00000000a0000000, 0x00000000a0000000, 0x00000000a0100000|  0%| F|  |TAMS 0x00000000a0000000| PB 0x00000000a0000000| Untracked 
| 513|0x00000000a0100000, 0x00000000a0100000, 0x00000000a0200000|  0%| F|  |TAMS 0x00000000a0100000| PB 0x00000000a0100000| Untracked 
| 514|0x00000000a0200000, 0x00000000a0200000, 0x00000000a0300000|  0%| F|  |TAMS 0x00000000a0200000| PB 0x00000000a0200000| Untracked 
| 515|0x00000000a0300000, 0x00000000a0300000, 0x00000000a0400000|  0%| F|  |TAMS 0x00000000a0300000| PB 0x00000000a0300000| Untracked 
| 516|0x00000000a0400000, 0x00000000a0400000, 0x00000000a0500000|  0%| F|  |TAMS 0x00000000a0400000| PB 0x00000000a0400000| Untracked 
| 517|0x00000000a0500000, 0x00000000a0500000, 0x00000000a0600000|  0%| F|  |TAMS 0x00000000a0500000| PB 0x00000000a0500000| Untracked 
| 518|0x00000000a0600000, 0x00000000a0600000, 0x00000000a0700000|  0%| F|  |TAMS 0x00000000a0600000| PB 0x00000000a0600000| Untracked 
| 519|0x00000000a0700000, 0x00000000a0700000, 0x00000000a0800000|  0%| F|  |TAMS 0x00000000a0700000| PB 0x00000000a0700000| Untracked 
| 520|0x00000000a0800000, 0x00000000a0800000, 0x00000000a0900000|  0%| F|  |TAMS 0x00000000a0800000| PB 0x00000000a0800000| Untracked 
| 521|0x00000000a0900000, 0x00000000a0900000, 0x00000000a0a00000|  0%| F|  |TAMS 0x00000000a0900000| PB 0x00000000a0900000| Untracked 
| 522|0x00000000a0a00000, 0x00000000a0a00000, 0x00000000a0b00000|  0%| F|  |TAMS 0x00000000a0a00000| PB 0x00000000a0a00000| Untracked 
| 523|0x00000000a0b00000, 0x00000000a0b00000, 0x00000000a0c00000|  0%| F|  |TAMS 0x00000000a0b00000| PB 0x00000000a0b00000| Untracked 
| 524|0x00000000a0c00000, 0x00000000a0c00000, 0x00000000a0d00000|  0%| F|  |TAMS 0x00000000a0c00000| PB 0x00000000a0c00000| Untracked 
| 525|0x00000000a0d00000, 0x00000000a0d00000, 0x00000000a0e00000|  0%| F|  |TAMS 0x00000000a0d00000| PB 0x00000000a0d00000| Untracked 
| 526|0x00000000a0e00000, 0x00000000a0e00000, 0x00000000a0f00000|  0%| F|  |TAMS 0x00000000a0e00000| PB 0x00000000a0e00000| Untracked 
| 527|0x00000000a0f00000, 0x00000000a0f00000, 0x00000000a1000000|  0%| F|  |TAMS 0x00000000a0f00000| PB 0x00000000a0f00000| Untracked 
| 528|0x00000000a1000000, 0x00000000a1000000, 0x00000000a1100000|  0%| F|  |TAMS 0x00000000a1000000| PB 0x00000000a1000000| Untracked 
| 529|0x00000000a1100000, 0x00000000a1100000, 0x00000000a1200000|  0%| F|  |TAMS 0x00000000a1100000| PB 0x00000000a1100000| Untracked 
| 530|0x00000000a1200000, 0x00000000a1200000, 0x00000000a1300000|  0%| F|  |TAMS 0x00000000a1200000| PB 0x00000000a1200000| Untracked 
| 531|0x00000000a1300000, 0x00000000a1300000, 0x00000000a1400000|  0%| F|  |TAMS 0x00000000a1300000| PB 0x00000000a1300000| Untracked 
| 532|0x00000000a1400000, 0x00000000a1400000, 0x00000000a1500000|  0%| F|  |TAMS 0x00000000a1400000| PB 0x00000000a1400000| Untracked 
| 533|0x00000000a1500000, 0x00000000a1500000, 0x00000000a1600000|  0%| F|  |TAMS 0x00000000a1500000| PB 0x00000000a1500000| Untracked 
| 534|0x00000000a1600000, 0x00000000a1600000, 0x00000000a1700000|  0%| F|  |TAMS 0x00000000a1600000| PB 0x00000000a1600000| Untracked 
| 535|0x00000000a1700000, 0x00000000a1700000, 0x00000000a1800000|  0%| F|  |TAMS 0x00000000a1700000| PB 0x00000000a1700000| Untracked 
| 536|0x00000000a1800000, 0x00000000a1800000, 0x00000000a1900000|  0%| F|  |TAMS 0x00000000a1800000| PB 0x00000000a1800000| Untracked 
| 537|0x00000000a1900000, 0x00000000a1900000, 0x00000000a1a00000|  0%| F|  |TAMS 0x00000000a1900000| PB 0x00000000a1900000| Untracked 
| 538|0x00000000a1a00000, 0x00000000a1a00000, 0x00000000a1b00000|  0%| F|  |TAMS 0x00000000a1a00000| PB 0x00000000a1a00000| Untracked 
| 539|0x00000000a1b00000, 0x00000000a1b00000, 0x00000000a1c00000|  0%| F|  |TAMS 0x00000000a1b00000| PB 0x00000000a1b00000| Untracked 
| 540|0x00000000a1c00000, 0x00000000a1c00000, 0x00000000a1d00000|  0%| F|  |TAMS 0x00000000a1c00000| PB 0x00000000a1c00000| Untracked 
| 541|0x00000000a1d00000, 0x00000000a1d00000, 0x00000000a1e00000|  0%| F|  |TAMS 0x00000000a1d00000| PB 0x00000000a1d00000| Untracked 
| 542|0x00000000a1e00000, 0x00000000a1e00000, 0x00000000a1f00000|  0%| F|  |TAMS 0x00000000a1e00000| PB 0x00000000a1e00000| Untracked 
| 543|0x00000000a1f00000, 0x00000000a1f00000, 0x00000000a2000000|  0%| F|  |TAMS 0x00000000a1f00000| PB 0x00000000a1f00000| Untracked 
| 544|0x00000000a2000000, 0x00000000a2000000, 0x00000000a2100000|  0%| F|  |TAMS 0x00000000a2000000| PB 0x00000000a2000000| Untracked 
| 545|0x00000000a2100000, 0x00000000a2100000, 0x00000000a2200000|  0%| F|  |TAMS 0x00000000a2100000| PB 0x00000000a2100000| Untracked 
| 546|0x00000000a2200000, 0x00000000a2200000, 0x00000000a2300000|  0%| F|  |TAMS 0x00000000a2200000| PB 0x00000000a2200000| Untracked 
| 547|0x00000000a2300000, 0x00000000a2300000, 0x00000000a2400000|  0%| F|  |TAMS 0x00000000a2300000| PB 0x00000000a2300000| Untracked 
| 548|0x00000000a2400000, 0x00000000a2400000, 0x00000000a2500000|  0%| F|  |TAMS 0x00000000a2400000| PB 0x00000000a2400000| Untracked 
| 549|0x00000000a2500000, 0x00000000a2500000, 0x00000000a2600000|  0%| F|  |TAMS 0x00000000a2500000| PB 0x00000000a2500000| Untracked 
| 550|0x00000000a2600000, 0x00000000a2600000, 0x00000000a2700000|  0%| F|  |TAMS 0x00000000a2600000| PB 0x00000000a2600000| Untracked 
| 551|0x00000000a2700000, 0x00000000a2700000, 0x00000000a2800000|  0%| F|  |TAMS 0x00000000a2700000| PB 0x00000000a2700000| Untracked 
| 552|0x00000000a2800000, 0x00000000a2800000, 0x00000000a2900000|  0%| F|  |TAMS 0x00000000a2800000| PB 0x00000000a2800000| Untracked 
| 553|0x00000000a2900000, 0x00000000a2900000, 0x00000000a2a00000|  0%| F|  |TAMS 0x00000000a2900000| PB 0x00000000a2900000| Untracked 
| 554|0x00000000a2a00000, 0x00000000a2a00000, 0x00000000a2b00000|  0%| F|  |TAMS 0x00000000a2a00000| PB 0x00000000a2a00000| Untracked 
| 555|0x00000000a2b00000, 0x00000000a2b00000, 0x00000000a2c00000|  0%| F|  |TAMS 0x00000000a2b00000| PB 0x00000000a2b00000| Untracked 
| 556|0x00000000a2c00000, 0x00000000a2c00000, 0x00000000a2d00000|  0%| F|  |TAMS 0x00000000a2c00000| PB 0x00000000a2c00000| Untracked 
| 557|0x00000000a2d00000, 0x00000000a2d00000, 0x00000000a2e00000|  0%| F|  |TAMS 0x00000000a2d00000| PB 0x00000000a2d00000| Untracked 
| 558|0x00000000a2e00000, 0x00000000a2e00000, 0x00000000a2f00000|  0%| F|  |TAMS 0x00000000a2e00000| PB 0x00000000a2e00000| Untracked 
| 559|0x00000000a2f00000, 0x00000000a2f00000, 0x00000000a3000000|  0%| F|  |TAMS 0x00000000a2f00000| PB 0x00000000a2f00000| Untracked 
| 560|0x00000000a3000000, 0x00000000a3000000, 0x00000000a3100000|  0%| F|  |TAMS 0x00000000a3000000| PB 0x00000000a3000000| Untracked 
| 561|0x00000000a3100000, 0x00000000a3100000, 0x00000000a3200000|  0%| F|  |TAMS 0x00000000a3100000| PB 0x00000000a3100000| Untracked 
| 562|0x00000000a3200000, 0x00000000a3200000, 0x00000000a3300000|  0%| F|  |TAMS 0x00000000a3200000| PB 0x00000000a3200000| Untracked 
| 563|0x00000000a3300000, 0x00000000a3300000, 0x00000000a3400000|  0%| F|  |TAMS 0x00000000a3300000| PB 0x00000000a3300000| Untracked 
| 564|0x00000000a3400000, 0x00000000a3400000, 0x00000000a3500000|  0%| F|  |TAMS 0x00000000a3400000| PB 0x00000000a3400000| Untracked 
| 565|0x00000000a3500000, 0x00000000a3500000, 0x00000000a3600000|  0%| F|  |TAMS 0x00000000a3500000| PB 0x00000000a3500000| Untracked 
| 566|0x00000000a3600000, 0x00000000a3600000, 0x00000000a3700000|  0%| F|  |TAMS 0x00000000a3600000| PB 0x00000000a3600000| Untracked 
| 567|0x00000000a3700000, 0x00000000a3700000, 0x00000000a3800000|  0%| F|  |TAMS 0x00000000a3700000| PB 0x00000000a3700000| Untracked 
| 568|0x00000000a3800000, 0x00000000a3800000, 0x00000000a3900000|  0%| F|  |TAMS 0x00000000a3800000| PB 0x00000000a3800000| Untracked 
| 569|0x00000000a3900000, 0x00000000a3900000, 0x00000000a3a00000|  0%| F|  |TAMS 0x00000000a3900000| PB 0x00000000a3900000| Untracked 
| 570|0x00000000a3a00000, 0x00000000a3a00000, 0x00000000a3b00000|  0%| F|  |TAMS 0x00000000a3a00000| PB 0x00000000a3a00000| Untracked 
| 571|0x00000000a3b00000, 0x00000000a3b00000, 0x00000000a3c00000|  0%| F|  |TAMS 0x00000000a3b00000| PB 0x00000000a3b00000| Untracked 
| 572|0x00000000a3c00000, 0x00000000a3c00000, 0x00000000a3d00000|  0%| F|  |TAMS 0x00000000a3c00000| PB 0x00000000a3c00000| Untracked 
| 573|0x00000000a3d00000, 0x00000000a3d00000, 0x00000000a3e00000|  0%| F|  |TAMS 0x00000000a3d00000| PB 0x00000000a3d00000| Untracked 
| 574|0x00000000a3e00000, 0x00000000a3e00000, 0x00000000a3f00000|  0%| F|  |TAMS 0x00000000a3e00000| PB 0x00000000a3e00000| Untracked 
| 575|0x00000000a3f00000, 0x00000000a3f00000, 0x00000000a4000000|  0%| F|  |TAMS 0x00000000a3f00000| PB 0x00000000a3f00000| Untracked 
| 576|0x00000000a4000000, 0x00000000a4000000, 0x00000000a4100000|  0%| F|  |TAMS 0x00000000a4000000| PB 0x00000000a4000000| Untracked 
| 577|0x00000000a4100000, 0x00000000a4100000, 0x00000000a4200000|  0%| F|  |TAMS 0x00000000a4100000| PB 0x00000000a4100000| Untracked 
| 578|0x00000000a4200000, 0x00000000a4200000, 0x00000000a4300000|  0%| F|  |TAMS 0x00000000a4200000| PB 0x00000000a4200000| Untracked 
| 579|0x00000000a4300000, 0x00000000a4300000, 0x00000000a4400000|  0%| F|  |TAMS 0x00000000a4300000| PB 0x00000000a4300000| Untracked 
| 580|0x00000000a4400000, 0x00000000a4400000, 0x00000000a4500000|  0%| F|  |TAMS 0x00000000a4400000| PB 0x00000000a4400000| Untracked 
| 581|0x00000000a4500000, 0x00000000a4500000, 0x00000000a4600000|  0%| F|  |TAMS 0x00000000a4500000| PB 0x00000000a4500000| Untracked 
| 582|0x00000000a4600000, 0x00000000a4600000, 0x00000000a4700000|  0%| F|  |TAMS 0x00000000a4600000| PB 0x00000000a4600000| Untracked 
| 583|0x00000000a4700000, 0x00000000a4700000, 0x00000000a4800000|  0%| F|  |TAMS 0x00000000a4700000| PB 0x00000000a4700000| Untracked 
| 584|0x00000000a4800000, 0x00000000a4800000, 0x00000000a4900000|  0%| F|  |TAMS 0x00000000a4800000| PB 0x00000000a4800000| Untracked 
| 585|0x00000000a4900000, 0x00000000a4900000, 0x00000000a4a00000|  0%| F|  |TAMS 0x00000000a4900000| PB 0x00000000a4900000| Untracked 
| 586|0x00000000a4a00000, 0x00000000a4a00000, 0x00000000a4b00000|  0%| F|  |TAMS 0x00000000a4a00000| PB 0x00000000a4a00000| Untracked 
| 587|0x00000000a4b00000, 0x00000000a4b00000, 0x00000000a4c00000|  0%| F|  |TAMS 0x00000000a4b00000| PB 0x00000000a4b00000| Untracked 
| 588|0x00000000a4c00000, 0x00000000a4c00000, 0x00000000a4d00000|  0%| F|  |TAMS 0x00000000a4c00000| PB 0x00000000a4c00000| Untracked 
| 589|0x00000000a4d00000, 0x00000000a4d00000, 0x00000000a4e00000|  0%| F|  |TAMS 0x00000000a4d00000| PB 0x00000000a4d00000| Untracked 
| 590|0x00000000a4e00000, 0x00000000a4e00000, 0x00000000a4f00000|  0%| F|  |TAMS 0x00000000a4e00000| PB 0x00000000a4e00000| Untracked 
| 591|0x00000000a4f00000, 0x00000000a4f00000, 0x00000000a5000000|  0%| F|  |TAMS 0x00000000a4f00000| PB 0x00000000a4f00000| Untracked 
| 592|0x00000000a5000000, 0x00000000a5000000, 0x00000000a5100000|  0%| F|  |TAMS 0x00000000a5000000| PB 0x00000000a5000000| Untracked 
| 593|0x00000000a5100000, 0x00000000a5100000, 0x00000000a5200000|  0%| F|  |TAMS 0x00000000a5100000| PB 0x00000000a5100000| Untracked 
| 594|0x00000000a5200000, 0x00000000a5200000, 0x00000000a5300000|  0%| F|  |TAMS 0x00000000a5200000| PB 0x00000000a5200000| Untracked 
| 595|0x00000000a5300000, 0x00000000a5300000, 0x00000000a5400000|  0%| F|  |TAMS 0x00000000a5300000| PB 0x00000000a5300000| Untracked 
| 596|0x00000000a5400000, 0x00000000a5400000, 0x00000000a5500000|  0%| F|  |TAMS 0x00000000a5400000| PB 0x00000000a5400000| Untracked 
| 597|0x00000000a5500000, 0x00000000a5500000, 0x00000000a5600000|  0%| F|  |TAMS 0x00000000a5500000| PB 0x00000000a5500000| Untracked 
| 598|0x00000000a5600000, 0x00000000a5600000, 0x00000000a5700000|  0%| F|  |TAMS 0x00000000a5600000| PB 0x00000000a5600000| Untracked 
| 599|0x00000000a5700000, 0x00000000a5700000, 0x00000000a5800000|  0%| F|  |TAMS 0x00000000a5700000| PB 0x00000000a5700000| Untracked 
| 600|0x00000000a5800000, 0x00000000a5800000, 0x00000000a5900000|  0%| F|  |TAMS 0x00000000a5800000| PB 0x00000000a5800000| Untracked 
| 601|0x00000000a5900000, 0x00000000a5900000, 0x00000000a5a00000|  0%| F|  |TAMS 0x00000000a5900000| PB 0x00000000a5900000| Untracked 
| 602|0x00000000a5a00000, 0x00000000a5a00000, 0x00000000a5b00000|  0%| F|  |TAMS 0x00000000a5a00000| PB 0x00000000a5a00000| Untracked 
| 603|0x00000000a5b00000, 0x00000000a5b00000, 0x00000000a5c00000|  0%| F|  |TAMS 0x00000000a5b00000| PB 0x00000000a5b00000| Untracked 
| 604|0x00000000a5c00000, 0x00000000a5c00000, 0x00000000a5d00000|  0%| F|  |TAMS 0x00000000a5c00000| PB 0x00000000a5c00000| Untracked 
| 605|0x00000000a5d00000, 0x00000000a5d00000, 0x00000000a5e00000|  0%| F|  |TAMS 0x00000000a5d00000| PB 0x00000000a5d00000| Untracked 
| 606|0x00000000a5e00000, 0x00000000a5e00000, 0x00000000a5f00000|  0%| F|  |TAMS 0x00000000a5e00000| PB 0x00000000a5e00000| Untracked 
| 607|0x00000000a5f00000, 0x00000000a5f00000, 0x00000000a6000000|  0%| F|  |TAMS 0x00000000a5f00000| PB 0x00000000a5f00000| Untracked 
| 608|0x00000000a6000000, 0x00000000a6000000, 0x00000000a6100000|  0%| F|  |TAMS 0x00000000a6000000| PB 0x00000000a6000000| Untracked 
| 609|0x00000000a6100000, 0x00000000a6100000, 0x00000000a6200000|  0%| F|  |TAMS 0x00000000a6100000| PB 0x00000000a6100000| Untracked 
| 610|0x00000000a6200000, 0x00000000a6200000, 0x00000000a6300000|  0%| F|  |TAMS 0x00000000a6200000| PB 0x00000000a6200000| Untracked 
| 611|0x00000000a6300000, 0x00000000a6300000, 0x00000000a6400000|  0%| F|  |TAMS 0x00000000a6300000| PB 0x00000000a6300000| Untracked 
| 612|0x00000000a6400000, 0x00000000a6400000, 0x00000000a6500000|  0%| F|  |TAMS 0x00000000a6400000| PB 0x00000000a6400000| Untracked 
| 613|0x00000000a6500000, 0x00000000a6500000, 0x00000000a6600000|  0%| F|  |TAMS 0x00000000a6500000| PB 0x00000000a6500000| Untracked 
| 614|0x00000000a6600000, 0x00000000a6600000, 0x00000000a6700000|  0%| F|  |TAMS 0x00000000a6600000| PB 0x00000000a6600000| Untracked 
| 615|0x00000000a6700000, 0x00000000a6700000, 0x00000000a6800000|  0%| F|  |TAMS 0x00000000a6700000| PB 0x00000000a6700000| Untracked 
| 616|0x00000000a6800000, 0x00000000a6800000, 0x00000000a6900000|  0%| F|  |TAMS 0x00000000a6800000| PB 0x00000000a6800000| Untracked 
| 617|0x00000000a6900000, 0x00000000a6900000, 0x00000000a6a00000|  0%| F|  |TAMS 0x00000000a6900000| PB 0x00000000a6900000| Untracked 
| 618|0x00000000a6a00000, 0x00000000a6a00000, 0x00000000a6b00000|  0%| F|  |TAMS 0x00000000a6a00000| PB 0x00000000a6a00000| Untracked 
| 619|0x00000000a6b00000, 0x00000000a6b00000, 0x00000000a6c00000|  0%| F|  |TAMS 0x00000000a6b00000| PB 0x00000000a6b00000| Untracked 
| 620|0x00000000a6c00000, 0x00000000a6c00000, 0x00000000a6d00000|  0%| F|  |TAMS 0x00000000a6c00000| PB 0x00000000a6c00000| Untracked 
| 621|0x00000000a6d00000, 0x00000000a6d00000, 0x00000000a6e00000|  0%| F|  |TAMS 0x00000000a6d00000| PB 0x00000000a6d00000| Untracked 
| 622|0x00000000a6e00000, 0x00000000a6e00000, 0x00000000a6f00000|  0%| F|  |TAMS 0x00000000a6e00000| PB 0x00000000a6e00000| Untracked 
| 623|0x00000000a6f00000, 0x00000000a6f00000, 0x00000000a7000000|  0%| F|  |TAMS 0x00000000a6f00000| PB 0x00000000a6f00000| Untracked 
| 624|0x00000000a7000000, 0x00000000a7000000, 0x00000000a7100000|  0%| F|  |TAMS 0x00000000a7000000| PB 0x00000000a7000000| Untracked 
| 625|0x00000000a7100000, 0x00000000a7100000, 0x00000000a7200000|  0%| F|  |TAMS 0x00000000a7100000| PB 0x00000000a7100000| Untracked 
| 626|0x00000000a7200000, 0x00000000a7200000, 0x00000000a7300000|  0%| F|  |TAMS 0x00000000a7200000| PB 0x00000000a7200000| Untracked 
| 627|0x00000000a7300000, 0x00000000a7300000, 0x00000000a7400000|  0%| F|  |TAMS 0x00000000a7300000| PB 0x00000000a7300000| Untracked 
| 628|0x00000000a7400000, 0x00000000a7400000, 0x00000000a7500000|  0%| F|  |TAMS 0x00000000a7400000| PB 0x00000000a7400000| Untracked 
| 629|0x00000000a7500000, 0x00000000a7500000, 0x00000000a7600000|  0%| F|  |TAMS 0x00000000a7500000| PB 0x00000000a7500000| Untracked 
| 630|0x00000000a7600000, 0x00000000a7600000, 0x00000000a7700000|  0%| F|  |TAMS 0x00000000a7600000| PB 0x00000000a7600000| Untracked 
| 631|0x00000000a7700000, 0x00000000a7700000, 0x00000000a7800000|  0%| F|  |TAMS 0x00000000a7700000| PB 0x00000000a7700000| Untracked 
| 632|0x00000000a7800000, 0x00000000a7800000, 0x00000000a7900000|  0%| F|  |TAMS 0x00000000a7800000| PB 0x00000000a7800000| Untracked 
| 633|0x00000000a7900000, 0x00000000a7900000, 0x00000000a7a00000|  0%| F|  |TAMS 0x00000000a7900000| PB 0x00000000a7900000| Untracked 
| 634|0x00000000a7a00000, 0x00000000a7a00000, 0x00000000a7b00000|  0%| F|  |TAMS 0x00000000a7a00000| PB 0x00000000a7a00000| Untracked 
| 635|0x00000000a7b00000, 0x00000000a7b00000, 0x00000000a7c00000|  0%| F|  |TAMS 0x00000000a7b00000| PB 0x00000000a7b00000| Untracked 
| 636|0x00000000a7c00000, 0x00000000a7c00000, 0x00000000a7d00000|  0%| F|  |TAMS 0x00000000a7c00000| PB 0x00000000a7c00000| Untracked 
| 637|0x00000000a7d00000, 0x00000000a7d00000, 0x00000000a7e00000|  0%| F|  |TAMS 0x00000000a7d00000| PB 0x00000000a7d00000| Untracked 
| 638|0x00000000a7e00000, 0x00000000a7e00000, 0x00000000a7f00000|  0%| F|  |TAMS 0x00000000a7e00000| PB 0x00000000a7e00000| Untracked 
| 639|0x00000000a7f00000, 0x00000000a7f00000, 0x00000000a8000000|  0%| F|  |TAMS 0x00000000a7f00000| PB 0x00000000a7f00000| Untracked 
| 640|0x00000000a8000000, 0x00000000a8000000, 0x00000000a8100000|  0%| F|  |TAMS 0x00000000a8000000| PB 0x00000000a8000000| Untracked 
| 641|0x00000000a8100000, 0x00000000a8100000, 0x00000000a8200000|  0%| F|  |TAMS 0x00000000a8100000| PB 0x00000000a8100000| Untracked 
| 642|0x00000000a8200000, 0x00000000a8200000, 0x00000000a8300000|  0%| F|  |TAMS 0x00000000a8200000| PB 0x00000000a8200000| Untracked 
| 643|0x00000000a8300000, 0x00000000a8300000, 0x00000000a8400000|  0%| F|  |TAMS 0x00000000a8300000| PB 0x00000000a8300000| Untracked 
| 644|0x00000000a8400000, 0x00000000a8400000, 0x00000000a8500000|  0%| F|  |TAMS 0x00000000a8400000| PB 0x00000000a8400000| Untracked 
| 645|0x00000000a8500000, 0x00000000a8500000, 0x00000000a8600000|  0%| F|  |TAMS 0x00000000a8500000| PB 0x00000000a8500000| Untracked 
| 646|0x00000000a8600000, 0x00000000a8600000, 0x00000000a8700000|  0%| F|  |TAMS 0x00000000a8600000| PB 0x00000000a8600000| Untracked 
| 647|0x00000000a8700000, 0x00000000a8700000, 0x00000000a8800000|  0%| F|  |TAMS 0x00000000a8700000| PB 0x00000000a8700000| Untracked 
| 648|0x00000000a8800000, 0x00000000a8800000, 0x00000000a8900000|  0%| F|  |TAMS 0x00000000a8800000| PB 0x00000000a8800000| Untracked 
| 649|0x00000000a8900000, 0x00000000a8900000, 0x00000000a8a00000|  0%| F|  |TAMS 0x00000000a8900000| PB 0x00000000a8900000| Untracked 
| 650|0x00000000a8a00000, 0x00000000a8a00000, 0x00000000a8b00000|  0%| F|  |TAMS 0x00000000a8a00000| PB 0x00000000a8a00000| Untracked 
| 651|0x00000000a8b00000, 0x00000000a8b00000, 0x00000000a8c00000|  0%| F|  |TAMS 0x00000000a8b00000| PB 0x00000000a8b00000| Untracked 
| 652|0x00000000a8c00000, 0x00000000a8c00000, 0x00000000a8d00000|  0%| F|  |TAMS 0x00000000a8c00000| PB 0x00000000a8c00000| Untracked 
| 653|0x00000000a8d00000, 0x00000000a8d00000, 0x00000000a8e00000|  0%| F|  |TAMS 0x00000000a8d00000| PB 0x00000000a8d00000| Untracked 
| 654|0x00000000a8e00000, 0x00000000a8e00000, 0x00000000a8f00000|  0%| F|  |TAMS 0x00000000a8e00000| PB 0x00000000a8e00000| Untracked 
| 655|0x00000000a8f00000, 0x00000000a8f00000, 0x00000000a9000000|  0%| F|  |TAMS 0x00000000a8f00000| PB 0x00000000a8f00000| Untracked 
| 656|0x00000000a9000000, 0x00000000a9000000, 0x00000000a9100000|  0%| F|  |TAMS 0x00000000a9000000| PB 0x00000000a9000000| Untracked 
| 657|0x00000000a9100000, 0x00000000a9100000, 0x00000000a9200000|  0%| F|  |TAMS 0x00000000a9100000| PB 0x00000000a9100000| Untracked 
| 658|0x00000000a9200000, 0x00000000a9200000, 0x00000000a9300000|  0%| F|  |TAMS 0x00000000a9200000| PB 0x00000000a9200000| Untracked 
| 659|0x00000000a9300000, 0x00000000a9300000, 0x00000000a9400000|  0%| F|  |TAMS 0x00000000a9300000| PB 0x00000000a9300000| Untracked 
| 660|0x00000000a9400000, 0x00000000a9400000, 0x00000000a9500000|  0%| F|  |TAMS 0x00000000a9400000| PB 0x00000000a9400000| Untracked 
| 661|0x00000000a9500000, 0x00000000a9500000, 0x00000000a9600000|  0%| F|  |TAMS 0x00000000a9500000| PB 0x00000000a9500000| Untracked 
| 662|0x00000000a9600000, 0x00000000a9600000, 0x00000000a9700000|  0%| F|  |TAMS 0x00000000a9600000| PB 0x00000000a9600000| Untracked 
| 663|0x00000000a9700000, 0x00000000a9700000, 0x00000000a9800000|  0%| F|  |TAMS 0x00000000a9700000| PB 0x00000000a9700000| Untracked 
| 664|0x00000000a9800000, 0x00000000a9800000, 0x00000000a9900000|  0%| F|  |TAMS 0x00000000a9800000| PB 0x00000000a9800000| Untracked 
| 665|0x00000000a9900000, 0x00000000a9900000, 0x00000000a9a00000|  0%| F|  |TAMS 0x00000000a9900000| PB 0x00000000a9900000| Untracked 
| 666|0x00000000a9a00000, 0x00000000a9a00000, 0x00000000a9b00000|  0%| F|  |TAMS 0x00000000a9a00000| PB 0x00000000a9a00000| Untracked 
| 667|0x00000000a9b00000, 0x00000000a9b00000, 0x00000000a9c00000|  0%| F|  |TAMS 0x00000000a9b00000| PB 0x00000000a9b00000| Untracked 
| 668|0x00000000a9c00000, 0x00000000a9c00000, 0x00000000a9d00000|  0%| F|  |TAMS 0x00000000a9c00000| PB 0x00000000a9c00000| Untracked 
| 669|0x00000000a9d00000, 0x00000000a9d00000, 0x00000000a9e00000|  0%| F|  |TAMS 0x00000000a9d00000| PB 0x00000000a9d00000| Untracked 
| 670|0x00000000a9e00000, 0x00000000a9e00000, 0x00000000a9f00000|  0%| F|  |TAMS 0x00000000a9e00000| PB 0x00000000a9e00000| Untracked 
| 671|0x00000000a9f00000, 0x00000000a9f00000, 0x00000000aa000000|  0%| F|  |TAMS 0x00000000a9f00000| PB 0x00000000a9f00000| Untracked 
| 672|0x00000000aa000000, 0x00000000aa000000, 0x00000000aa100000|  0%| F|  |TAMS 0x00000000aa000000| PB 0x00000000aa000000| Untracked 
| 673|0x00000000aa100000, 0x00000000aa100000, 0x00000000aa200000|  0%| F|  |TAMS 0x00000000aa100000| PB 0x00000000aa100000| Untracked 
| 674|0x00000000aa200000, 0x00000000aa200000, 0x00000000aa300000|  0%| F|  |TAMS 0x00000000aa200000| PB 0x00000000aa200000| Untracked 
| 675|0x00000000aa300000, 0x00000000aa300000, 0x00000000aa400000|  0%| F|  |TAMS 0x00000000aa300000| PB 0x00000000aa300000| Untracked 
| 676|0x00000000aa400000, 0x00000000aa400000, 0x00000000aa500000|  0%| F|  |TAMS 0x00000000aa400000| PB 0x00000000aa400000| Untracked 
| 677|0x00000000aa500000, 0x00000000aa500000, 0x00000000aa600000|  0%| F|  |TAMS 0x00000000aa500000| PB 0x00000000aa500000| Untracked 
| 678|0x00000000aa600000, 0x00000000aa600000, 0x00000000aa700000|  0%| F|  |TAMS 0x00000000aa600000| PB 0x00000000aa600000| Untracked 
| 679|0x00000000aa700000, 0x00000000aa700000, 0x00000000aa800000|  0%| F|  |TAMS 0x00000000aa700000| PB 0x00000000aa700000| Untracked 
| 680|0x00000000aa800000, 0x00000000aa800000, 0x00000000aa900000|  0%| F|  |TAMS 0x00000000aa800000| PB 0x00000000aa800000| Untracked 
| 681|0x00000000aa900000, 0x00000000aa900000, 0x00000000aaa00000|  0%| F|  |TAMS 0x00000000aa900000| PB 0x00000000aa900000| Untracked 
| 682|0x00000000aaa00000, 0x00000000aaa00000, 0x00000000aab00000|  0%| F|  |TAMS 0x00000000aaa00000| PB 0x00000000aaa00000| Untracked 
| 683|0x00000000aab00000, 0x00000000aab00000, 0x00000000aac00000|  0%| F|  |TAMS 0x00000000aab00000| PB 0x00000000aab00000| Untracked 
| 684|0x00000000aac00000, 0x00000000aac00000, 0x00000000aad00000|  0%| F|  |TAMS 0x00000000aac00000| PB 0x00000000aac00000| Untracked 
| 685|0x00000000aad00000, 0x00000000aad00000, 0x00000000aae00000|  0%| F|  |TAMS 0x00000000aad00000| PB 0x00000000aad00000| Untracked 
| 686|0x00000000aae00000, 0x00000000aae00000, 0x00000000aaf00000|  0%| F|  |TAMS 0x00000000aae00000| PB 0x00000000aae00000| Untracked 
| 687|0x00000000aaf00000, 0x00000000aaf00000, 0x00000000ab000000|  0%| F|  |TAMS 0x00000000aaf00000| PB 0x00000000aaf00000| Untracked 
| 688|0x00000000ab000000, 0x00000000ab000000, 0x00000000ab100000|  0%| F|  |TAMS 0x00000000ab000000| PB 0x00000000ab000000| Untracked 
| 689|0x00000000ab100000, 0x00000000ab100000, 0x00000000ab200000|  0%| F|  |TAMS 0x00000000ab100000| PB 0x00000000ab100000| Untracked 
| 690|0x00000000ab200000, 0x00000000ab200000, 0x00000000ab300000|  0%| F|  |TAMS 0x00000000ab200000| PB 0x00000000ab200000| Untracked 
| 691|0x00000000ab300000, 0x00000000ab300000, 0x00000000ab400000|  0%| F|  |TAMS 0x00000000ab300000| PB 0x00000000ab300000| Untracked 
| 692|0x00000000ab400000, 0x00000000ab400000, 0x00000000ab500000|  0%| F|  |TAMS 0x00000000ab400000| PB 0x00000000ab400000| Untracked 
| 693|0x00000000ab500000, 0x00000000ab500000, 0x00000000ab600000|  0%| F|  |TAMS 0x00000000ab500000| PB 0x00000000ab500000| Untracked 
| 694|0x00000000ab600000, 0x00000000ab600000, 0x00000000ab700000|  0%| F|  |TAMS 0x00000000ab600000| PB 0x00000000ab600000| Untracked 
| 695|0x00000000ab700000, 0x00000000ab700000, 0x00000000ab800000|  0%| F|  |TAMS 0x00000000ab700000| PB 0x00000000ab700000| Untracked 
| 696|0x00000000ab800000, 0x00000000ab800000, 0x00000000ab900000|  0%| F|  |TAMS 0x00000000ab800000| PB 0x00000000ab800000| Untracked 
| 697|0x00000000ab900000, 0x00000000ab900000, 0x00000000aba00000|  0%| F|  |TAMS 0x00000000ab900000| PB 0x00000000ab900000| Untracked 
| 698|0x00000000aba00000, 0x00000000aba00000, 0x00000000abb00000|  0%| F|  |TAMS 0x00000000aba00000| PB 0x00000000aba00000| Untracked 
| 699|0x00000000abb00000, 0x00000000abb00000, 0x00000000abc00000|  0%| F|  |TAMS 0x00000000abb00000| PB 0x00000000abb00000| Untracked 
| 700|0x00000000abc00000, 0x00000000abc00000, 0x00000000abd00000|  0%| F|  |TAMS 0x00000000abc00000| PB 0x00000000abc00000| Untracked 
| 701|0x00000000abd00000, 0x00000000abd00000, 0x00000000abe00000|  0%| F|  |TAMS 0x00000000abd00000| PB 0x00000000abd00000| Untracked 
| 702|0x00000000abe00000, 0x00000000abe00000, 0x00000000abf00000|  0%| F|  |TAMS 0x00000000abe00000| PB 0x00000000abe00000| Untracked 
| 703|0x00000000abf00000, 0x00000000abf00000, 0x00000000ac000000|  0%| F|  |TAMS 0x00000000abf00000| PB 0x00000000abf00000| Untracked 
| 704|0x00000000ac000000, 0x00000000ac000000, 0x00000000ac100000|  0%| F|  |TAMS 0x00000000ac000000| PB 0x00000000ac000000| Untracked 
| 705|0x00000000ac100000, 0x00000000ac100000, 0x00000000ac200000|  0%| F|  |TAMS 0x00000000ac100000| PB 0x00000000ac100000| Untracked 
| 706|0x00000000ac200000, 0x00000000ac200000, 0x00000000ac300000|  0%| F|  |TAMS 0x00000000ac200000| PB 0x00000000ac200000| Untracked 
| 707|0x00000000ac300000, 0x00000000ac300000, 0x00000000ac400000|  0%| F|  |TAMS 0x00000000ac300000| PB 0x00000000ac300000| Untracked 
| 708|0x00000000ac400000, 0x00000000ac400000, 0x00000000ac500000|  0%| F|  |TAMS 0x00000000ac400000| PB 0x00000000ac400000| Untracked 
| 709|0x00000000ac500000, 0x00000000ac500000, 0x00000000ac600000|  0%| F|  |TAMS 0x00000000ac500000| PB 0x00000000ac500000| Untracked 
| 710|0x00000000ac600000, 0x00000000ac600000, 0x00000000ac700000|  0%| F|  |TAMS 0x00000000ac600000| PB 0x00000000ac600000| Untracked 
| 711|0x00000000ac700000, 0x00000000ac700000, 0x00000000ac800000|  0%| F|  |TAMS 0x00000000ac700000| PB 0x00000000ac700000| Untracked 
| 712|0x00000000ac800000, 0x00000000ac800000, 0x00000000ac900000|  0%| F|  |TAMS 0x00000000ac800000| PB 0x00000000ac800000| Untracked 
| 713|0x00000000ac900000, 0x00000000ac900000, 0x00000000aca00000|  0%| F|  |TAMS 0x00000000ac900000| PB 0x00000000ac900000| Untracked 
| 714|0x00000000aca00000, 0x00000000aca00000, 0x00000000acb00000|  0%| F|  |TAMS 0x00000000aca00000| PB 0x00000000aca00000| Untracked 
| 715|0x00000000acb00000, 0x00000000acb069a0, 0x00000000acc00000|  2%| E|  |TAMS 0x00000000acb00000| PB 0x00000000acb00000| Complete 
| 716|0x00000000acc00000, 0x00000000acd00000, 0x00000000acd00000|100%| E|CS|TAMS 0x00000000acc00000| PB 0x00000000acc00000| Complete 
| 717|0x00000000acd00000, 0x00000000ace00000, 0x00000000ace00000|100%| E|CS|TAMS 0x00000000acd00000| PB 0x00000000acd00000| Complete 
| 718|0x00000000ace00000, 0x00000000acf00000, 0x00000000acf00000|100%| E|CS|TAMS 0x00000000ace00000| PB 0x00000000ace00000| Complete 
| 719|0x00000000acf00000, 0x00000000ad000000, 0x00000000ad000000|100%| E|CS|TAMS 0x00000000acf00000| PB 0x00000000acf00000| Complete 
| 720|0x00000000ad000000, 0x00000000ad100000, 0x00000000ad100000|100%| E|CS|TAMS 0x00000000ad000000| PB 0x00000000ad000000| Complete 
| 721|0x00000000ad100000, 0x00000000ad200000, 0x00000000ad200000|100%| E|CS|TAMS 0x00000000ad100000| PB 0x00000000ad100000| Complete 
| 722|0x00000000ad200000, 0x00000000ad300000, 0x00000000ad300000|100%| E|CS|TAMS 0x00000000ad200000| PB 0x00000000ad200000| Complete 
| 723|0x00000000ad300000, 0x00000000ad400000, 0x00000000ad400000|100%| E|CS|TAMS 0x00000000ad300000| PB 0x00000000ad300000| Complete 
| 724|0x00000000ad400000, 0x00000000ad500000, 0x00000000ad500000|100%| E|CS|TAMS 0x00000000ad400000| PB 0x00000000ad400000| Complete 
| 725|0x00000000ad500000, 0x00000000ad600000, 0x00000000ad600000|100%| E|CS|TAMS 0x00000000ad500000| PB 0x00000000ad500000| Complete 
| 726|0x00000000ad600000, 0x00000000ad700000, 0x00000000ad700000|100%| E|CS|TAMS 0x00000000ad600000| PB 0x00000000ad600000| Complete 
| 727|0x00000000ad700000, 0x00000000ad800000, 0x00000000ad800000|100%| E|CS|TAMS 0x00000000ad700000| PB 0x00000000ad700000| Complete 
| 728|0x00000000ad800000, 0x00000000ad900000, 0x00000000ad900000|100%| E|CS|TAMS 0x00000000ad800000| PB 0x00000000ad800000| Complete 
| 729|0x00000000ad900000, 0x00000000ada00000, 0x00000000ada00000|100%| E|CS|TAMS 0x00000000ad900000| PB 0x00000000ad900000| Complete 
| 730|0x00000000ada00000, 0x00000000adb00000, 0x00000000adb00000|100%| E|CS|TAMS 0x00000000ada00000| PB 0x00000000ada00000| Complete 
| 731|0x00000000adb00000, 0x00000000adc00000, 0x00000000adc00000|100%| E|CS|TAMS 0x00000000adb00000| PB 0x00000000adb00000| Complete 
| 732|0x00000000adc00000, 0x00000000add00000, 0x00000000add00000|100%| E|CS|TAMS 0x00000000adc00000| PB 0x00000000adc00000| Complete 
| 733|0x00000000add00000, 0x00000000ade00000, 0x00000000ade00000|100%| E|CS|TAMS 0x00000000add00000| PB 0x00000000add00000| Complete 
| 734|0x00000000ade00000, 0x00000000adf00000, 0x00000000adf00000|100%| E|CS|TAMS 0x00000000ade00000| PB 0x00000000ade00000| Complete 
| 735|0x00000000adf00000, 0x00000000ae000000, 0x00000000ae000000|100%| E|CS|TAMS 0x00000000adf00000| PB 0x00000000adf00000| Complete 
| 736|0x00000000ae000000, 0x00000000ae100000, 0x00000000ae100000|100%| E|CS|TAMS 0x00000000ae000000| PB 0x00000000ae000000| Complete 
| 737|0x00000000ae100000, 0x00000000ae200000, 0x00000000ae200000|100%| E|CS|TAMS 0x00000000ae100000| PB 0x00000000ae100000| Complete 
| 738|0x00000000ae200000, 0x00000000ae300000, 0x00000000ae300000|100%| E|CS|TAMS 0x00000000ae200000| PB 0x00000000ae200000| Complete 
| 739|0x00000000ae300000, 0x00000000ae400000, 0x00000000ae400000|100%| E|CS|TAMS 0x00000000ae300000| PB 0x00000000ae300000| Complete 
| 740|0x00000000ae400000, 0x00000000ae500000, 0x00000000ae500000|100%| E|CS|TAMS 0x00000000ae400000| PB 0x00000000ae400000| Complete 
| 741|0x00000000ae500000, 0x00000000ae600000, 0x00000000ae600000|100%| E|CS|TAMS 0x00000000ae500000| PB 0x00000000ae500000| Complete 
| 742|0x00000000ae600000, 0x00000000ae700000, 0x00000000ae700000|100%| E|CS|TAMS 0x00000000ae600000| PB 0x00000000ae600000| Complete 
| 743|0x00000000ae700000, 0x00000000ae800000, 0x00000000ae800000|100%| E|CS|TAMS 0x00000000ae700000| PB 0x00000000ae700000| Complete 
| 744|0x00000000ae800000, 0x00000000ae900000, 0x00000000ae900000|100%| E|CS|TAMS 0x00000000ae800000| PB 0x00000000ae800000| Complete 
| 745|0x00000000ae900000, 0x00000000aea00000, 0x00000000aea00000|100%| E|CS|TAMS 0x00000000ae900000| PB 0x00000000ae900000| Complete 
| 746|0x00000000aea00000, 0x00000000aeb00000, 0x00000000aeb00000|100%| E|CS|TAMS 0x00000000aea00000| PB 0x00000000aea00000| Complete 
| 747|0x00000000aeb00000, 0x00000000aec00000, 0x00000000aec00000|100%| E|CS|TAMS 0x00000000aeb00000| PB 0x00000000aeb00000| Complete 
| 748|0x00000000aec00000, 0x00000000aed00000, 0x00000000aed00000|100%| E|  |TAMS 0x00000000aec00000| PB 0x00000000aec00000| Complete 
| 749|0x00000000aed00000, 0x00000000aee00000, 0x00000000aee00000|100%| E|CS|TAMS 0x00000000aed00000| PB 0x00000000aed00000| Complete 
| 750|0x00000000aee00000, 0x00000000aef00000, 0x00000000aef00000|100%| E|CS|TAMS 0x00000000aee00000| PB 0x00000000aee00000| Complete 
| 751|0x00000000aef00000, 0x00000000af000000, 0x00000000af000000|100%| E|CS|TAMS 0x00000000aef00000| PB 0x00000000aef00000| Complete 
| 752|0x00000000af000000, 0x00000000af100000, 0x00000000af100000|100%| E|CS|TAMS 0x00000000af000000| PB 0x00000000af000000| Complete 
| 753|0x00000000af100000, 0x00000000af200000, 0x00000000af200000|100%| E|CS|TAMS 0x00000000af100000| PB 0x00000000af100000| Complete 
| 754|0x00000000af200000, 0x00000000af300000, 0x00000000af300000|100%| E|CS|TAMS 0x00000000af200000| PB 0x00000000af200000| Complete 
| 755|0x00000000af300000, 0x00000000af400000, 0x00000000af400000|100%| E|CS|TAMS 0x00000000af300000| PB 0x00000000af300000| Complete 
| 756|0x00000000af400000, 0x00000000af500000, 0x00000000af500000|100%| E|CS|TAMS 0x00000000af400000| PB 0x00000000af400000| Complete 
| 757|0x00000000af500000, 0x00000000af600000, 0x00000000af600000|100%| E|CS|TAMS 0x00000000af500000| PB 0x00000000af500000| Complete 
| 758|0x00000000af600000, 0x00000000af700000, 0x00000000af700000|100%| E|CS|TAMS 0x00000000af600000| PB 0x00000000af600000| Complete 
| 759|0x00000000af700000, 0x00000000af800000, 0x00000000af800000|100%| E|CS|TAMS 0x00000000af700000| PB 0x00000000af700000| Complete 
| 760|0x00000000af800000, 0x00000000af900000, 0x00000000af900000|100%| E|CS|TAMS 0x00000000af800000| PB 0x00000000af800000| Complete 
| 761|0x00000000af900000, 0x00000000afa00000, 0x00000000afa00000|100%| E|CS|TAMS 0x00000000af900000| PB 0x00000000af900000| Complete 
| 762|0x00000000afa00000, 0x00000000afb00000, 0x00000000afb00000|100%| E|CS|TAMS 0x00000000afa00000| PB 0x00000000afa00000| Complete 
| 763|0x00000000afb00000, 0x00000000afc00000, 0x00000000afc00000|100%| E|CS|TAMS 0x00000000afb00000| PB 0x00000000afb00000| Complete 
| 764|0x00000000afc00000, 0x00000000afd00000, 0x00000000afd00000|100%| E|CS|TAMS 0x00000000afc00000| PB 0x00000000afc00000| Complete 
| 765|0x00000000afd00000, 0x00000000afe00000, 0x00000000afe00000|100%| E|CS|TAMS 0x00000000afd00000| PB 0x00000000afd00000| Complete 
| 766|0x00000000afe00000, 0x00000000aff00000, 0x00000000aff00000|100%| E|CS|TAMS 0x00000000afe00000| PB 0x00000000afe00000| Complete 
| 767|0x00000000aff00000, 0x00000000b0000000, 0x00000000b0000000|100%| E|CS|TAMS 0x00000000aff00000| PB 0x00000000aff00000| Complete 
| 768|0x00000000b0000000, 0x00000000b0100000, 0x00000000b0100000|100%| E|CS|TAMS 0x00000000b0000000| PB 0x00000000b0000000| Complete 
| 769|0x00000000b0100000, 0x00000000b0200000, 0x00000000b0200000|100%| E|CS|TAMS 0x00000000b0100000| PB 0x00000000b0100000| Complete 
| 770|0x00000000b0200000, 0x00000000b0300000, 0x00000000b0300000|100%| E|CS|TAMS 0x00000000b0200000| PB 0x00000000b0200000| Complete 
| 771|0x00000000b0300000, 0x00000000b0400000, 0x00000000b0400000|100%| E|CS|TAMS 0x00000000b0300000| PB 0x00000000b0300000| Complete 
| 772|0x00000000b0400000, 0x00000000b0500000, 0x00000000b0500000|100%| E|CS|TAMS 0x00000000b0400000| PB 0x00000000b0400000| Complete 
| 773|0x00000000b0500000, 0x00000000b0600000, 0x00000000b0600000|100%| E|CS|TAMS 0x00000000b0500000| PB 0x00000000b0500000| Complete 
| 774|0x00000000b0600000, 0x00000000b0700000, 0x00000000b0700000|100%| E|CS|TAMS 0x00000000b0600000| PB 0x00000000b0600000| Complete 
| 775|0x00000000b0700000, 0x00000000b0800000, 0x00000000b0800000|100%| E|CS|TAMS 0x00000000b0700000| PB 0x00000000b0700000| Complete 
| 776|0x00000000b0800000, 0x00000000b0900000, 0x00000000b0900000|100%| E|CS|TAMS 0x00000000b0800000| PB 0x00000000b0800000| Complete 
| 777|0x00000000b0900000, 0x00000000b0a00000, 0x00000000b0a00000|100%| E|CS|TAMS 0x00000000b0900000| PB 0x00000000b0900000| Complete 
| 778|0x00000000b0a00000, 0x00000000b0b00000, 0x00000000b0b00000|100%| E|CS|TAMS 0x00000000b0a00000| PB 0x00000000b0a00000| Complete 
| 779|0x00000000b0b00000, 0x00000000b0c00000, 0x00000000b0c00000|100%| E|CS|TAMS 0x00000000b0b00000| PB 0x00000000b0b00000| Complete 
| 780|0x00000000b0c00000, 0x00000000b0d00000, 0x00000000b0d00000|100%| E|CS|TAMS 0x00000000b0c00000| PB 0x00000000b0c00000| Complete 
| 781|0x00000000b0d00000, 0x00000000b0e00000, 0x00000000b0e00000|100%| E|CS|TAMS 0x00000000b0d00000| PB 0x00000000b0d00000| Complete 
| 782|0x00000000b0e00000, 0x00000000b0f00000, 0x00000000b0f00000|100%| E|CS|TAMS 0x00000000b0e00000| PB 0x00000000b0e00000| Complete 
| 783|0x00000000b0f00000, 0x00000000b1000000, 0x00000000b1000000|100%| E|CS|TAMS 0x00000000b0f00000| PB 0x00000000b0f00000| Complete 
| 784|0x00000000b1000000, 0x00000000b1100000, 0x00000000b1100000|100%| E|CS|TAMS 0x00000000b1000000| PB 0x00000000b1000000| Complete 
| 785|0x00000000b1100000, 0x00000000b1200000, 0x00000000b1200000|100%| E|CS|TAMS 0x00000000b1100000| PB 0x00000000b1100000| Complete 
| 786|0x00000000b1200000, 0x00000000b1300000, 0x00000000b1300000|100%| E|CS|TAMS 0x00000000b1200000| PB 0x00000000b1200000| Complete 
| 787|0x00000000b1300000, 0x00000000b1400000, 0x00000000b1400000|100%| E|CS|TAMS 0x00000000b1300000| PB 0x00000000b1300000| Complete 
| 788|0x00000000b1400000, 0x00000000b1500000, 0x00000000b1500000|100%| E|CS|TAMS 0x00000000b1400000| PB 0x00000000b1400000| Complete 
| 789|0x00000000b1500000, 0x00000000b1600000, 0x00000000b1600000|100%| E|CS|TAMS 0x00000000b1500000| PB 0x00000000b1500000| Complete 
| 790|0x00000000b1600000, 0x00000000b1700000, 0x00000000b1700000|100%| E|CS|TAMS 0x00000000b1600000| PB 0x00000000b1600000| Complete 
| 791|0x00000000b1700000, 0x00000000b1800000, 0x00000000b1800000|100%| E|CS|TAMS 0x00000000b1700000| PB 0x00000000b1700000| Complete 
| 792|0x00000000b1800000, 0x00000000b1900000, 0x00000000b1900000|100%| E|CS|TAMS 0x00000000b1800000| PB 0x00000000b1800000| Complete 
| 793|0x00000000b1900000, 0x00000000b1a00000, 0x00000000b1a00000|100%| E|CS|TAMS 0x00000000b1900000| PB 0x00000000b1900000| Complete 
| 794|0x00000000b1a00000, 0x00000000b1b00000, 0x00000000b1b00000|100%| E|CS|TAMS 0x00000000b1a00000| PB 0x00000000b1a00000| Complete 
| 795|0x00000000b1b00000, 0x00000000b1c00000, 0x00000000b1c00000|100%| E|CS|TAMS 0x00000000b1b00000| PB 0x00000000b1b00000| Complete 
| 796|0x00000000b1c00000, 0x00000000b1d00000, 0x00000000b1d00000|100%| E|CS|TAMS 0x00000000b1c00000| PB 0x00000000b1c00000| Complete 
| 797|0x00000000b1d00000, 0x00000000b1e00000, 0x00000000b1e00000|100%| E|CS|TAMS 0x00000000b1d00000| PB 0x00000000b1d00000| Complete 
| 798|0x00000000b1e00000, 0x00000000b1f00000, 0x00000000b1f00000|100%| E|CS|TAMS 0x00000000b1e00000| PB 0x00000000b1e00000| Complete 
| 799|0x00000000b1f00000, 0x00000000b2000000, 0x00000000b2000000|100%| E|CS|TAMS 0x00000000b1f00000| PB 0x00000000b1f00000| Complete 
| 800|0x00000000b2000000, 0x00000000b2100000, 0x00000000b2100000|100%| E|CS|TAMS 0x00000000b2000000| PB 0x00000000b2000000| Complete 
| 801|0x00000000b2100000, 0x00000000b2200000, 0x00000000b2200000|100%| E|CS|TAMS 0x00000000b2100000| PB 0x00000000b2100000| Complete 
| 802|0x00000000b2200000, 0x00000000b2300000, 0x00000000b2300000|100%| E|CS|TAMS 0x00000000b2200000| PB 0x00000000b2200000| Complete 
| 803|0x00000000b2300000, 0x00000000b2400000, 0x00000000b2400000|100%| E|CS|TAMS 0x00000000b2300000| PB 0x00000000b2300000| Complete 
| 804|0x00000000b2400000, 0x00000000b2500000, 0x00000000b2500000|100%| E|CS|TAMS 0x00000000b2400000| PB 0x00000000b2400000| Complete 
| 805|0x00000000b2500000, 0x00000000b2600000, 0x00000000b2600000|100%| E|CS|TAMS 0x00000000b2500000| PB 0x00000000b2500000| Complete 
| 806|0x00000000b2600000, 0x00000000b2700000, 0x00000000b2700000|100%| E|CS|TAMS 0x00000000b2600000| PB 0x00000000b2600000| Complete 
| 807|0x00000000b2700000, 0x00000000b2800000, 0x00000000b2800000|100%| E|CS|TAMS 0x00000000b2700000| PB 0x00000000b2700000| Complete 
| 808|0x00000000b2800000, 0x00000000b2900000, 0x00000000b2900000|100%| E|CS|TAMS 0x00000000b2800000| PB 0x00000000b2800000| Complete 
| 809|0x00000000b2900000, 0x00000000b2a00000, 0x00000000b2a00000|100%| E|CS|TAMS 0x00000000b2900000| PB 0x00000000b2900000| Complete 
| 810|0x00000000b2a00000, 0x00000000b2b00000, 0x00000000b2b00000|100%| E|CS|TAMS 0x00000000b2a00000| PB 0x00000000b2a00000| Complete 
| 811|0x00000000b2b00000, 0x00000000b2c00000, 0x00000000b2c00000|100%| E|CS|TAMS 0x00000000b2b00000| PB 0x00000000b2b00000| Complete 
| 812|0x00000000b2c00000, 0x00000000b2d00000, 0x00000000b2d00000|100%| E|CS|TAMS 0x00000000b2c00000| PB 0x00000000b2c00000| Complete 
| 813|0x00000000b2d00000, 0x00000000b2e00000, 0x00000000b2e00000|100%| E|CS|TAMS 0x00000000b2d00000| PB 0x00000000b2d00000| Complete 
| 814|0x00000000b2e00000, 0x00000000b2f00000, 0x00000000b2f00000|100%| E|CS|TAMS 0x00000000b2e00000| PB 0x00000000b2e00000| Complete 
| 815|0x00000000b2f00000, 0x00000000b3000000, 0x00000000b3000000|100%| E|CS|TAMS 0x00000000b2f00000| PB 0x00000000b2f00000| Complete 
| 816|0x00000000b3000000, 0x00000000b3100000, 0x00000000b3100000|100%| E|CS|TAMS 0x00000000b3000000| PB 0x00000000b3000000| Complete 
| 817|0x00000000b3100000, 0x00000000b3200000, 0x00000000b3200000|100%| E|CS|TAMS 0x00000000b3100000| PB 0x00000000b3100000| Complete 
| 818|0x00000000b3200000, 0x00000000b3300000, 0x00000000b3300000|100%| E|CS|TAMS 0x00000000b3200000| PB 0x00000000b3200000| Complete 
| 819|0x00000000b3300000, 0x00000000b33490e0, 0x00000000b3400000| 28%| S|CS|TAMS 0x00000000b3300000| PB 0x00000000b3300000| Complete 
| 820|0x00000000b3400000, 0x00000000b3500000, 0x00000000b3500000|100%| S|CS|TAMS 0x00000000b3400000| PB 0x00000000b3400000| Complete 
| 821|0x00000000b3500000, 0x00000000b3600000, 0x00000000b3600000|100%| S|CS|TAMS 0x00000000b3500000| PB 0x00000000b3500000| Complete 
| 822|0x00000000b3600000, 0x00000000b3700000, 0x00000000b3700000|100%| S|CS|TAMS 0x00000000b3600000| PB 0x00000000b3600000| Complete 
| 823|0x00000000b3700000, 0x00000000b3800000, 0x00000000b3800000|100%| S|CS|TAMS 0x00000000b3700000| PB 0x00000000b3700000| Complete 
| 824|0x00000000b3800000, 0x00000000b3900000, 0x00000000b3900000|100%| E|CS|TAMS 0x00000000b3800000| PB 0x00000000b3800000| Complete 
| 825|0x00000000b3900000, 0x00000000b3a00000, 0x00000000b3a00000|100%| E|CS|TAMS 0x00000000b3900000| PB 0x00000000b3900000| Complete 
| 826|0x00000000b3a00000, 0x00000000b3b00000, 0x00000000b3b00000|100%| E|CS|TAMS 0x00000000b3a00000| PB 0x00000000b3a00000| Complete 
| 827|0x00000000b3b00000, 0x00000000b3c00000, 0x00000000b3c00000|100%| E|CS|TAMS 0x00000000b3b00000| PB 0x00000000b3b00000| Complete 
| 828|0x00000000b3c00000, 0x00000000b3d00000, 0x00000000b3d00000|100%| E|CS|TAMS 0x00000000b3c00000| PB 0x00000000b3c00000| Complete 
| 829|0x00000000b3d00000, 0x00000000b3e00000, 0x00000000b3e00000|100%| E|CS|TAMS 0x00000000b3d00000| PB 0x00000000b3d00000| Complete 
| 830|0x00000000b3e00000, 0x00000000b3f00000, 0x00000000b3f00000|100%| E|CS|TAMS 0x00000000b3e00000| PB 0x00000000b3e00000| Complete 
| 831|0x00000000b3f00000, 0x00000000b4000000, 0x00000000b4000000|100%| E|CS|TAMS 0x00000000b3f00000| PB 0x00000000b3f00000| Complete 
| 832|0x00000000b4000000, 0x00000000b4100000, 0x00000000b4100000|100%| E|CS|TAMS 0x00000000b4000000| PB 0x00000000b4000000| Complete 
| 833|0x00000000b4100000, 0x00000000b4200000, 0x00000000b4200000|100%| E|CS|TAMS 0x00000000b4100000| PB 0x00000000b4100000| Complete 
| 834|0x00000000b4200000, 0x00000000b4300000, 0x00000000b4300000|100%| E|CS|TAMS 0x00000000b4200000| PB 0x00000000b4200000| Complete 
| 835|0x00000000b4300000, 0x00000000b4400000, 0x00000000b4400000|100%| E|CS|TAMS 0x00000000b4300000| PB 0x00000000b4300000| Complete 
| 836|0x00000000b4400000, 0x00000000b4500000, 0x00000000b4500000|100%| E|CS|TAMS 0x00000000b4400000| PB 0x00000000b4400000| Complete 
| 837|0x00000000b4500000, 0x00000000b4600000, 0x00000000b4600000|100%| E|CS|TAMS 0x00000000b4500000| PB 0x00000000b4500000| Complete 
| 838|0x00000000b4600000, 0x00000000b4700000, 0x00000000b4700000|100%| E|CS|TAMS 0x00000000b4600000| PB 0x00000000b4600000| Complete 
| 839|0x00000000b4700000, 0x00000000b4800000, 0x00000000b4800000|100%| E|CS|TAMS 0x00000000b4700000| PB 0x00000000b4700000| Complete 
| 840|0x00000000b4800000, 0x00000000b4900000, 0x00000000b4900000|100%| E|CS|TAMS 0x00000000b4800000| PB 0x00000000b4800000| Complete 
| 841|0x00000000b4900000, 0x00000000b4a00000, 0x00000000b4a00000|100%| E|CS|TAMS 0x00000000b4900000| PB 0x00000000b4900000| Complete 
| 842|0x00000000b4a00000, 0x00000000b4b00000, 0x00000000b4b00000|100%| E|CS|TAMS 0x00000000b4a00000| PB 0x00000000b4a00000| Complete 
| 843|0x00000000b4b00000, 0x00000000b4c00000, 0x00000000b4c00000|100%| E|CS|TAMS 0x00000000b4b00000| PB 0x00000000b4b00000| Complete 
| 844|0x00000000b4c00000, 0x00000000b4d00000, 0x00000000b4d00000|100%| E|CS|TAMS 0x00000000b4c00000| PB 0x00000000b4c00000| Complete 
| 845|0x00000000b4d00000, 0x00000000b4e00000, 0x00000000b4e00000|100%| E|CS|TAMS 0x00000000b4d00000| PB 0x00000000b4d00000| Complete 
| 846|0x00000000b4e00000, 0x00000000b4f00000, 0x00000000b4f00000|100%| E|CS|TAMS 0x00000000b4e00000| PB 0x00000000b4e00000| Complete 
| 847|0x00000000b4f00000, 0x00000000b5000000, 0x00000000b5000000|100%| E|CS|TAMS 0x00000000b4f00000| PB 0x00000000b4f00000| Complete 
| 848|0x00000000b5000000, 0x00000000b5100000, 0x00000000b5100000|100%| E|CS|TAMS 0x00000000b5000000| PB 0x00000000b5000000| Complete 
| 849|0x00000000b5100000, 0x00000000b5200000, 0x00000000b5200000|100%| E|CS|TAMS 0x00000000b5100000| PB 0x00000000b5100000| Complete 
| 850|0x00000000b5200000, 0x00000000b5300000, 0x00000000b5300000|100%| E|CS|TAMS 0x00000000b5200000| PB 0x00000000b5200000| Complete 
| 851|0x00000000b5300000, 0x00000000b5400000, 0x00000000b5400000|100%| E|CS|TAMS 0x00000000b5300000| PB 0x00000000b5300000| Complete 
| 852|0x00000000b5400000, 0x00000000b5500000, 0x00000000b5500000|100%| E|CS|TAMS 0x00000000b5400000| PB 0x00000000b5400000| Complete 
| 853|0x00000000b5500000, 0x00000000b5600000, 0x00000000b5600000|100%| E|CS|TAMS 0x00000000b5500000| PB 0x00000000b5500000| Complete 
| 854|0x00000000b5600000, 0x00000000b5700000, 0x00000000b5700000|100%| E|CS|TAMS 0x00000000b5600000| PB 0x00000000b5600000| Complete 
| 855|0x00000000b5700000, 0x00000000b5800000, 0x00000000b5800000|100%| E|CS|TAMS 0x00000000b5700000| PB 0x00000000b5700000| Complete 
| 856|0x00000000b5800000, 0x00000000b5900000, 0x00000000b5900000|100%| E|CS|TAMS 0x00000000b5800000| PB 0x00000000b5800000| Complete 
| 857|0x00000000b5900000, 0x00000000b5a00000, 0x00000000b5a00000|100%| E|CS|TAMS 0x00000000b5900000| PB 0x00000000b5900000| Complete 
| 858|0x00000000b5a00000, 0x00000000b5b00000, 0x00000000b5b00000|100%| E|CS|TAMS 0x00000000b5a00000| PB 0x00000000b5a00000| Complete 
| 859|0x00000000b5b00000, 0x00000000b5c00000, 0x00000000b5c00000|100%| E|CS|TAMS 0x00000000b5b00000| PB 0x00000000b5b00000| Complete 
| 860|0x00000000b5c00000, 0x00000000b5d00000, 0x00000000b5d00000|100%| E|CS|TAMS 0x00000000b5c00000| PB 0x00000000b5c00000| Complete 
| 861|0x00000000b5d00000, 0x00000000b5e00000, 0x00000000b5e00000|100%| E|CS|TAMS 0x00000000b5d00000| PB 0x00000000b5d00000| Complete 
| 862|0x00000000b5e00000, 0x00000000b5f00000, 0x00000000b5f00000|100%| E|CS|TAMS 0x00000000b5e00000| PB 0x00000000b5e00000| Complete 
| 863|0x00000000b5f00000, 0x00000000b6000000, 0x00000000b6000000|100%| E|CS|TAMS 0x00000000b5f00000| PB 0x00000000b5f00000| Complete 
| 864|0x00000000b6000000, 0x00000000b6100000, 0x00000000b6100000|100%| E|CS|TAMS 0x00000000b6000000| PB 0x00000000b6000000| Complete 
| 865|0x00000000b6100000, 0x00000000b6200000, 0x00000000b6200000|100%| E|CS|TAMS 0x00000000b6100000| PB 0x00000000b6100000| Complete 
| 866|0x00000000b6200000, 0x00000000b6300000, 0x00000000b6300000|100%| E|CS|TAMS 0x00000000b6200000| PB 0x00000000b6200000| Complete 
| 867|0x00000000b6300000, 0x00000000b6400000, 0x00000000b6400000|100%| E|CS|TAMS 0x00000000b6300000| PB 0x00000000b6300000| Complete 
| 868|0x00000000b6400000, 0x00000000b6500000, 0x00000000b6500000|100%| E|CS|TAMS 0x00000000b6400000| PB 0x00000000b6400000| Complete 
| 869|0x00000000b6500000, 0x00000000b6600000, 0x00000000b6600000|100%| E|CS|TAMS 0x00000000b6500000| PB 0x00000000b6500000| Complete 
| 870|0x00000000b6600000, 0x00000000b6700000, 0x00000000b6700000|100%| E|CS|TAMS 0x00000000b6600000| PB 0x00000000b6600000| Complete 
| 871|0x00000000b6700000, 0x00000000b6800000, 0x00000000b6800000|100%| E|CS|TAMS 0x00000000b6700000| PB 0x00000000b6700000| Complete 
| 872|0x00000000b6800000, 0x00000000b6900000, 0x00000000b6900000|100%| E|CS|TAMS 0x00000000b6800000| PB 0x00000000b6800000| Complete 
| 873|0x00000000b6900000, 0x00000000b6a00000, 0x00000000b6a00000|100%| E|CS|TAMS 0x00000000b6900000| PB 0x00000000b6900000| Complete 
| 874|0x00000000b6a00000, 0x00000000b6b00000, 0x00000000b6b00000|100%| E|CS|TAMS 0x00000000b6a00000| PB 0x00000000b6a00000| Complete 
| 875|0x00000000b6b00000, 0x00000000b6c00000, 0x00000000b6c00000|100%| E|CS|TAMS 0x00000000b6b00000| PB 0x00000000b6b00000| Complete 
| 876|0x00000000b6c00000, 0x00000000b6d00000, 0x00000000b6d00000|100%| E|CS|TAMS 0x00000000b6c00000| PB 0x00000000b6c00000| Complete 
| 877|0x00000000b6d00000, 0x00000000b6e00000, 0x00000000b6e00000|100%| E|CS|TAMS 0x00000000b6d00000| PB 0x00000000b6d00000| Complete 
| 878|0x00000000b6e00000, 0x00000000b6f00000, 0x00000000b6f00000|100%| E|CS|TAMS 0x00000000b6e00000| PB 0x00000000b6e00000| Complete 
| 879|0x00000000b6f00000, 0x00000000b7000000, 0x00000000b7000000|100%| E|CS|TAMS 0x00000000b6f00000| PB 0x00000000b6f00000| Complete 
| 880|0x00000000b7000000, 0x00000000b7100000, 0x00000000b7100000|100%| E|CS|TAMS 0x00000000b7000000| PB 0x00000000b7000000| Complete 
| 881|0x00000000b7100000, 0x00000000b7200000, 0x00000000b7200000|100%| E|CS|TAMS 0x00000000b7100000| PB 0x00000000b7100000| Complete 
| 882|0x00000000b7200000, 0x00000000b7300000, 0x00000000b7300000|100%| E|CS|TAMS 0x00000000b7200000| PB 0x00000000b7200000| Complete 
| 883|0x00000000b7300000, 0x00000000b7400000, 0x00000000b7400000|100%| E|CS|TAMS 0x00000000b7300000| PB 0x00000000b7300000| Complete 
| 884|0x00000000b7400000, 0x00000000b7500000, 0x00000000b7500000|100%| E|CS|TAMS 0x00000000b7400000| PB 0x00000000b7400000| Complete 
| 885|0x00000000b7500000, 0x00000000b7600000, 0x00000000b7600000|100%| E|CS|TAMS 0x00000000b7500000| PB 0x00000000b7500000| Complete 
| 886|0x00000000b7600000, 0x00000000b7700000, 0x00000000b7700000|100%| E|CS|TAMS 0x00000000b7600000| PB 0x00000000b7600000| Complete 
| 887|0x00000000b7700000, 0x00000000b7800000, 0x00000000b7800000|100%| E|CS|TAMS 0x00000000b7700000| PB 0x00000000b7700000| Complete 
| 888|0x00000000b7800000, 0x00000000b7900000, 0x00000000b7900000|100%| E|CS|TAMS 0x00000000b7800000| PB 0x00000000b7800000| Complete 
| 889|0x00000000b7900000, 0x00000000b7a00000, 0x00000000b7a00000|100%| E|CS|TAMS 0x00000000b7900000| PB 0x00000000b7900000| Complete 
| 890|0x00000000b7a00000, 0x00000000b7b00000, 0x00000000b7b00000|100%| E|CS|TAMS 0x00000000b7a00000| PB 0x00000000b7a00000| Complete 
| 891|0x00000000b7b00000, 0x00000000b7c00000, 0x00000000b7c00000|100%| E|CS|TAMS 0x00000000b7b00000| PB 0x00000000b7b00000| Complete 
| 892|0x00000000b7c00000, 0x00000000b7d00000, 0x00000000b7d00000|100%| E|CS|TAMS 0x00000000b7c00000| PB 0x00000000b7c00000| Complete 
| 893|0x00000000b7d00000, 0x00000000b7e00000, 0x00000000b7e00000|100%| E|CS|TAMS 0x00000000b7d00000| PB 0x00000000b7d00000| Complete 
| 894|0x00000000b7e00000, 0x00000000b7f00000, 0x00000000b7f00000|100%| E|CS|TAMS 0x00000000b7e00000| PB 0x00000000b7e00000| Complete 
| 895|0x00000000b7f00000, 0x00000000b8000000, 0x00000000b8000000|100%| E|CS|TAMS 0x00000000b7f00000| PB 0x00000000b7f00000| Complete 
| 896|0x00000000b8000000, 0x00000000b8100000, 0x00000000b8100000|100%| E|CS|TAMS 0x00000000b8000000| PB 0x00000000b8000000| Complete 
| 897|0x00000000b8100000, 0x00000000b8200000, 0x00000000b8200000|100%| E|CS|TAMS 0x00000000b8100000| PB 0x00000000b8100000| Complete 
| 898|0x00000000b8200000, 0x00000000b8300000, 0x00000000b8300000|100%| E|CS|TAMS 0x00000000b8200000| PB 0x00000000b8200000| Complete 
| 899|0x00000000b8300000, 0x00000000b8400000, 0x00000000b8400000|100%| E|CS|TAMS 0x00000000b8300000| PB 0x00000000b8300000| Complete 
| 900|0x00000000b8400000, 0x00000000b8500000, 0x00000000b8500000|100%| E|CS|TAMS 0x00000000b8400000| PB 0x00000000b8400000| Complete 
| 901|0x00000000b8500000, 0x00000000b8600000, 0x00000000b8600000|100%| E|CS|TAMS 0x00000000b8500000| PB 0x00000000b8500000| Complete 
| 902|0x00000000b8600000, 0x00000000b8700000, 0x00000000b8700000|100%| E|CS|TAMS 0x00000000b8600000| PB 0x00000000b8600000| Complete 
| 903|0x00000000b8700000, 0x00000000b8800000, 0x00000000b8800000|100%| E|CS|TAMS 0x00000000b8700000| PB 0x00000000b8700000| Complete 
| 904|0x00000000b8800000, 0x00000000b8900000, 0x00000000b8900000|100%| E|CS|TAMS 0x00000000b8800000| PB 0x00000000b8800000| Complete 
| 905|0x00000000b8900000, 0x00000000b8a00000, 0x00000000b8a00000|100%| E|CS|TAMS 0x00000000b8900000| PB 0x00000000b8900000| Complete 
| 906|0x00000000b8a00000, 0x00000000b8b00000, 0x00000000b8b00000|100%| E|CS|TAMS 0x00000000b8a00000| PB 0x00000000b8a00000| Complete 
| 907|0x00000000b8b00000, 0x00000000b8c00000, 0x00000000b8c00000|100%| E|CS|TAMS 0x00000000b8b00000| PB 0x00000000b8b00000| Complete 
| 908|0x00000000b8c00000, 0x00000000b8d00000, 0x00000000b8d00000|100%| E|CS|TAMS 0x00000000b8c00000| PB 0x00000000b8c00000| Complete 
| 909|0x00000000b8d00000, 0x00000000b8e00000, 0x00000000b8e00000|100%| E|CS|TAMS 0x00000000b8d00000| PB 0x00000000b8d00000| Complete 
| 910|0x00000000b8e00000, 0x00000000b8f00000, 0x00000000b8f00000|100%| E|CS|TAMS 0x00000000b8e00000| PB 0x00000000b8e00000| Complete 
| 911|0x00000000b8f00000, 0x00000000b9000000, 0x00000000b9000000|100%| E|CS|TAMS 0x00000000b8f00000| PB 0x00000000b8f00000| Complete 
| 912|0x00000000b9000000, 0x00000000b9100000, 0x00000000b9100000|100%| E|CS|TAMS 0x00000000b9000000| PB 0x00000000b9000000| Complete 
| 913|0x00000000b9100000, 0x00000000b9200000, 0x00000000b9200000|100%| E|CS|TAMS 0x00000000b9100000| PB 0x00000000b9100000| Complete 
| 914|0x00000000b9200000, 0x00000000b9300000, 0x00000000b9300000|100%| E|CS|TAMS 0x00000000b9200000| PB 0x00000000b9200000| Complete 
| 915|0x00000000b9300000, 0x00000000b9400000, 0x00000000b9400000|100%| E|CS|TAMS 0x00000000b9300000| PB 0x00000000b9300000| Complete 
| 916|0x00000000b9400000, 0x00000000b9500000, 0x00000000b9500000|100%| E|CS|TAMS 0x00000000b9400000| PB 0x00000000b9400000| Complete 
| 917|0x00000000b9500000, 0x00000000b9600000, 0x00000000b9600000|100%| E|CS|TAMS 0x00000000b9500000| PB 0x00000000b9500000| Complete 
| 918|0x00000000b9600000, 0x00000000b9700000, 0x00000000b9700000|100%| E|CS|TAMS 0x00000000b9600000| PB 0x00000000b9600000| Complete 
| 919|0x00000000b9700000, 0x00000000b9800000, 0x00000000b9800000|100%| E|CS|TAMS 0x00000000b9700000| PB 0x00000000b9700000| Complete 
| 920|0x00000000b9800000, 0x00000000b9900000, 0x00000000b9900000|100%| E|CS|TAMS 0x00000000b9800000| PB 0x00000000b9800000| Complete 
| 921|0x00000000b9900000, 0x00000000b9a00000, 0x00000000b9a00000|100%| E|CS|TAMS 0x00000000b9900000| PB 0x00000000b9900000| Complete 
| 922|0x00000000b9a00000, 0x00000000b9b00000, 0x00000000b9b00000|100%| E|CS|TAMS 0x00000000b9a00000| PB 0x00000000b9a00000| Complete 
| 923|0x00000000b9b00000, 0x00000000b9c00000, 0x00000000b9c00000|100%| E|CS|TAMS 0x00000000b9b00000| PB 0x00000000b9b00000| Complete 
| 924|0x00000000b9c00000, 0x00000000b9d00000, 0x00000000b9d00000|100%| E|CS|TAMS 0x00000000b9c00000| PB 0x00000000b9c00000| Complete 
| 925|0x00000000b9d00000, 0x00000000b9e00000, 0x00000000b9e00000|100%| E|CS|TAMS 0x00000000b9d00000| PB 0x00000000b9d00000| Complete 
| 926|0x00000000b9e00000, 0x00000000b9f00000, 0x00000000b9f00000|100%| E|CS|TAMS 0x00000000b9e00000| PB 0x00000000b9e00000| Complete 
| 927|0x00000000b9f00000, 0x00000000ba000000, 0x00000000ba000000|100%| E|CS|TAMS 0x00000000b9f00000| PB 0x00000000b9f00000| Complete 
| 928|0x00000000ba000000, 0x00000000ba100000, 0x00000000ba100000|100%| E|CS|TAMS 0x00000000ba000000| PB 0x00000000ba000000| Complete 
| 929|0x00000000ba100000, 0x00000000ba200000, 0x00000000ba200000|100%| E|CS|TAMS 0x00000000ba100000| PB 0x00000000ba100000| Complete 
| 930|0x00000000ba200000, 0x00000000ba300000, 0x00000000ba300000|100%| E|CS|TAMS 0x00000000ba200000| PB 0x00000000ba200000| Complete 
| 931|0x00000000ba300000, 0x00000000ba400000, 0x00000000ba400000|100%| E|CS|TAMS 0x00000000ba300000| PB 0x00000000ba300000| Complete 
| 932|0x00000000ba400000, 0x00000000ba500000, 0x00000000ba500000|100%| E|CS|TAMS 0x00000000ba400000| PB 0x00000000ba400000| Complete 
| 933|0x00000000ba500000, 0x00000000ba600000, 0x00000000ba600000|100%| E|CS|TAMS 0x00000000ba500000| PB 0x00000000ba500000| Complete 
| 934|0x00000000ba600000, 0x00000000ba700000, 0x00000000ba700000|100%| E|CS|TAMS 0x00000000ba600000| PB 0x00000000ba600000| Complete 
| 935|0x00000000ba700000, 0x00000000ba800000, 0x00000000ba800000|100%| E|CS|TAMS 0x00000000ba700000| PB 0x00000000ba700000| Complete 
| 936|0x00000000ba800000, 0x00000000ba900000, 0x00000000ba900000|100%| E|CS|TAMS 0x00000000ba800000| PB 0x00000000ba800000| Complete 
| 937|0x00000000ba900000, 0x00000000baa00000, 0x00000000baa00000|100%| E|CS|TAMS 0x00000000ba900000| PB 0x00000000ba900000| Complete 
| 938|0x00000000baa00000, 0x00000000bab00000, 0x00000000bab00000|100%| E|CS|TAMS 0x00000000baa00000| PB 0x00000000baa00000| Complete 
| 939|0x00000000bab00000, 0x00000000bac00000, 0x00000000bac00000|100%| E|CS|TAMS 0x00000000bab00000| PB 0x00000000bab00000| Complete 
| 940|0x00000000bac00000, 0x00000000bad00000, 0x00000000bad00000|100%| E|CS|TAMS 0x00000000bac00000| PB 0x00000000bac00000| Complete 
| 941|0x00000000bad00000, 0x00000000bae00000, 0x00000000bae00000|100%| E|CS|TAMS 0x00000000bad00000| PB 0x00000000bad00000| Complete 
| 942|0x00000000bae00000, 0x00000000baf00000, 0x00000000baf00000|100%| E|CS|TAMS 0x00000000bae00000| PB 0x00000000bae00000| Complete 
|1989|0x00000000fc500000, 0x00000000fc600000, 0x00000000fc600000|100%| O|  |TAMS 0x00000000fc500000| PB 0x00000000fc500000| Untracked 
|1990|0x00000000fc600000, 0x00000000fc700000, 0x00000000fc700000|100%| O|  |TAMS 0x00000000fc600000| PB 0x00000000fc600000| Untracked 
|1991|0x00000000fc700000, 0x00000000fc800000, 0x00000000fc800000|100%| O|  |TAMS 0x00000000fc700000| PB 0x00000000fc700000| Untracked 
|1992|0x00000000fc800000, 0x00000000fc900000, 0x00000000fc900000|100%| O|  |TAMS 0x00000000fc800000| PB 0x00000000fc800000| Untracked 
|1993|0x00000000fc900000, 0x00000000fca00000, 0x00000000fca00000|100%| O|  |TAMS 0x00000000fc900000| PB 0x00000000fc900000| Untracked 
|1994|0x00000000fca00000, 0x00000000fcb00000, 0x00000000fcb00000|100%| O|  |TAMS 0x00000000fca00000| PB 0x00000000fca00000| Untracked 
|1995|0x00000000fcb00000, 0x00000000fcc00000, 0x00000000fcc00000|100%| O|  |TAMS 0x00000000fcb00000| PB 0x00000000fcb00000| Untracked 
|1996|0x00000000fcc00000, 0x00000000fcd00000, 0x00000000fcd00000|100%| O|  |TAMS 0x00000000fcc00000| PB 0x00000000fcc00000| Untracked 
|1997|0x00000000fcd00000, 0x00000000fce00000, 0x00000000fce00000|100%| O|  |TAMS 0x00000000fcd00000| PB 0x00000000fcd00000| Untracked 
|1998|0x00000000fce00000, 0x00000000fcf00000, 0x00000000fcf00000|100%| O|  |TAMS 0x00000000fce00000| PB 0x00000000fce00000| Untracked 
|1999|0x00000000fcf00000, 0x00000000fd000000, 0x00000000fd000000|100%| O|  |TAMS 0x00000000fcf00000| PB 0x00000000fcf00000| Untracked 
|2000|0x00000000fd000000, 0x00000000fd100000, 0x00000000fd100000|100%| O|  |TAMS 0x00000000fd000000| PB 0x00000000fd000000| Untracked 
|2001|0x00000000fd100000, 0x00000000fd200000, 0x00000000fd200000|100%| O|  |TAMS 0x00000000fd100000| PB 0x00000000fd100000| Untracked 
|2002|0x00000000fd200000, 0x00000000fd300000, 0x00000000fd300000|100%| O|  |TAMS 0x00000000fd200000| PB 0x00000000fd200000| Untracked 
|2003|0x00000000fd300000, 0x00000000fd400000, 0x00000000fd400000|100%| O|  |TAMS 0x00000000fd300000| PB 0x00000000fd300000| Untracked 
|2004|0x00000000fd400000, 0x00000000fd500000, 0x00000000fd500000|100%| O|  |TAMS 0x00000000fd400000| PB 0x00000000fd400000| Untracked 
|2005|0x00000000fd500000, 0x00000000fd600000, 0x00000000fd600000|100%| O|  |TAMS 0x00000000fd500000| PB 0x00000000fd500000| Untracked 
|2006|0x00000000fd600000, 0x00000000fd700000, 0x00000000fd700000|100%| O|  |TAMS 0x00000000fd600000| PB 0x00000000fd600000| Untracked 
|2007|0x00000000fd700000, 0x00000000fd800000, 0x00000000fd800000|100%| O|  |TAMS 0x00000000fd700000| PB 0x00000000fd700000| Untracked 
|2008|0x00000000fd800000, 0x00000000fd900000, 0x00000000fd900000|100%| O|Cm|TAMS 0x00000000fd800000| PB 0x00000000fd800000| Complete 
|2009|0x00000000fd900000, 0x00000000fda00000, 0x00000000fda00000|100%| O|  |TAMS 0x00000000fd900000| PB 0x00000000fd900000| Untracked 
|2010|0x00000000fda00000, 0x00000000fdb00000, 0x00000000fdb00000|100%| O|  |TAMS 0x00000000fda00000| PB 0x00000000fda00000| Untracked 
|2011|0x00000000fdb00000, 0x00000000fdc00000, 0x00000000fdc00000|100%| O|  |TAMS 0x00000000fdb00000| PB 0x00000000fdb00000| Untracked 
|2012|0x00000000fdc00000, 0x00000000fdd00000, 0x00000000fdd00000|100%| O|  |TAMS 0x00000000fdc00000| PB 0x00000000fdc00000| Untracked 
|2013|0x00000000fdd00000, 0x00000000fde00000, 0x00000000fde00000|100%| O|  |TAMS 0x00000000fdd00000| PB 0x00000000fdd00000| Untracked 
|2014|0x00000000fde00000, 0x00000000fdf00000, 0x00000000fdf00000|100%| O|  |TAMS 0x00000000fde00000| PB 0x00000000fde00000| Untracked 
|2015|0x00000000fdf00000, 0x00000000fe000000, 0x00000000fe000000|100%| O|  |TAMS 0x00000000fdf00000| PB 0x00000000fdf00000| Untracked 
|2016|0x00000000fe000000, 0x00000000fe100000, 0x00000000fe100000|100%| O|  |TAMS 0x00000000fe000000| PB 0x00000000fe000000| Untracked 
|2017|0x00000000fe100000, 0x00000000fe200000, 0x00000000fe200000|100%| O|  |TAMS 0x00000000fe100000| PB 0x00000000fe100000| Untracked 
|2018|0x00000000fe200000, 0x00000000fe300000, 0x00000000fe300000|100%| O|  |TAMS 0x00000000fe200000| PB 0x00000000fe200000| Untracked 
|2019|0x00000000fe300000, 0x00000000fe400000, 0x00000000fe400000|100%| O|  |TAMS 0x00000000fe300000| PB 0x00000000fe300000| Untracked 
|2020|0x00000000fe400000, 0x00000000fe500000, 0x00000000fe500000|100%| O|  |TAMS 0x00000000fe400000| PB 0x00000000fe400000| Untracked 
|2021|0x00000000fe500000, 0x00000000fe600000, 0x00000000fe600000|100%| O|  |TAMS 0x00000000fe500000| PB 0x00000000fe500000| Untracked 
|2022|0x00000000fe600000, 0x00000000fe700000, 0x00000000fe700000|100%| O|  |TAMS 0x00000000fe600000| PB 0x00000000fe600000| Untracked 
|2023|0x00000000fe700000, 0x00000000fe800000, 0x00000000fe800000|100%| O|  |TAMS 0x00000000fe700000| PB 0x00000000fe700000| Untracked 
|2024|0x00000000fe800000, 0x00000000fe900000, 0x00000000fe900000|100%| O|  |TAMS 0x00000000fe800000| PB 0x00000000fe800000| Untracked 
|2025|0x00000000fe900000, 0x00000000fea00000, 0x00000000fea00000|100%| O|  |TAMS 0x00000000fe900000| PB 0x00000000fe900000| Untracked 
|2026|0x00000000fea00000, 0x00000000feb00000, 0x00000000feb00000|100%| O|  |TAMS 0x00000000fea00000| PB 0x00000000fea00000| Untracked 
|2027|0x00000000feb00000, 0x00000000fec00000, 0x00000000fec00000|100%| O|  |TAMS 0x00000000feb00000| PB 0x00000000feb00000| Untracked 
|2028|0x00000000fec00000, 0x00000000fed00000, 0x00000000fed00000|100%| O|  |TAMS 0x00000000fec00000| PB 0x00000000fec00000| Untracked 
|2029|0x00000000fed00000, 0x00000000fee00000, 0x00000000fee00000|100%| O|  |TAMS 0x00000000fed00000| PB 0x00000000fed00000| Untracked 
|2030|0x00000000fee00000, 0x00000000fef00000, 0x00000000fef00000|100%| O|  |TAMS 0x00000000fee00000| PB 0x00000000fee00000| Untracked 
|2031|0x00000000fef00000, 0x00000000ff000000, 0x00000000ff000000|100%| O|  |TAMS 0x00000000fef00000| PB 0x00000000fef00000| Untracked 
|2032|0x00000000ff000000, 0x00000000ff100000, 0x00000000ff100000|100%| E|CS|TAMS 0x00000000ff000000| PB 0x00000000ff000000| Complete 
|2033|0x00000000ff100000, 0x00000000ff200000, 0x00000000ff200000|100%| E|CS|TAMS 0x00000000ff100000| PB 0x00000000ff100000| Complete 
|2034|0x00000000ff200000, 0x00000000ff300000, 0x00000000ff300000|100%| E|CS|TAMS 0x00000000ff200000| PB 0x00000000ff200000| Complete 
|2035|0x00000000ff300000, 0x00000000ff400000, 0x00000000ff400000|100%| E|CS|TAMS 0x00000000ff300000| PB 0x00000000ff300000| Complete 
|2036|0x00000000ff400000, 0x00000000ff500000, 0x00000000ff500000|100%| O|  |TAMS 0x00000000ff400000| PB 0x00000000ff400000| Untracked 
|2037|0x00000000ff500000, 0x00000000ff600000, 0x00000000ff600000|100%| E|CS|TAMS 0x00000000ff500000| PB 0x00000000ff500000| Complete 
|2038|0x00000000ff600000, 0x00000000ff700000, 0x00000000ff700000|100%| O|  |TAMS 0x00000000ff600000| PB 0x00000000ff600000| Untracked 
|2039|0x00000000ff700000, 0x00000000ff800000, 0x00000000ff800000|100%| O|  |TAMS 0x00000000ff700000| PB 0x00000000ff700000| Untracked 
|2040|0x00000000ff800000, 0x00000000ff900000, 0x00000000ff900000|100%| O|  |TAMS 0x00000000ff800000| PB 0x00000000ff800000| Untracked 
|2041|0x00000000ff900000, 0x00000000ffa00000, 0x00000000ffa00000|100%| E|CS|TAMS 0x00000000ff900000| PB 0x00000000ff900000| Complete 
|2042|0x00000000ffa00000, 0x00000000ffb00000, 0x00000000ffb00000|100%| O|  |TAMS 0x00000000ffa00000| PB 0x00000000ffa00000| Untracked 
|2043|0x00000000ffb00000, 0x00000000ffc00000, 0x00000000ffc00000|100%| O|  |TAMS 0x00000000ffb00000| PB 0x00000000ffb00000| Untracked 
|2044|0x00000000ffc00000, 0x00000000ffd00000, 0x00000000ffd00000|100%| O|  |TAMS 0x00000000ffc00000| PB 0x00000000ffc00000| Untracked 
|2045|0x00000000ffd00000, 0x00000000ffe00000, 0x00000000ffe00000|100%| E|CS|TAMS 0x00000000ffd00000| PB 0x00000000ffd00000| Complete 
|2046|0x00000000ffe00000, 0x00000000fff00000, 0x00000000fff00000|100%| O|  |TAMS 0x00000000ffe00000| PB 0x00000000ffe00000| Untracked 
|2047|0x00000000fff00000, 0x0000000100000000, 0x0000000100000000|100%| O|  |TAMS 0x00000000fff00000| PB 0x00000000fff00000| Untracked 

Card table byte_map: [0x0000022eddd80000,0x0000022ede180000] _byte_map_base: 0x0000022edd980000

Marking Bits: (CMBitMap*) 0x0000022ec917e680
 Bits: [0x0000022ede180000, 0x0000022ee0180000)

Polling page: 0x0000022ec9350000

Metaspace:

Usage:
  Non-class:    171.25 MB used.
      Class:     26.17 MB used.
       Both:    197.42 MB used.

Virtual space:
  Non-class space:      192.00 MB reserved,     172.75 MB ( 90%) committed,  3 nodes.
      Class space:        1.00 GB reserved,      27.69 MB (  3%) committed,  1 nodes.
             Both:        1.19 GB reserved,     200.44 MB ( 16%) committed. 

Chunk freelists:
   Non-Class:  2.66 MB
       Class:  4.17 MB
        Both:  6.83 MB

MaxMetaspaceSize: unlimited
CompressedClassSpaceSize: 1.00 GB
Initial GC threshold: 21.00 MB
Current GC threshold: 332.12 MB
CDS: off
 - commit_granule_bytes: 65536.
 - commit_granule_words: 8192.
 - virtual_space_node_default_size: 8388608.
 - enlarge_chunks_in_place: 1.
 - use_allocation_guard: 0.


Internal statistics:

num_allocs_failed_limit: 9.
num_arena_births: 6334.
num_arena_deaths: 8.
num_vsnodes_births: 4.
num_vsnodes_deaths: 0.
num_space_committed: 3201.
num_space_uncommitted: 0.
num_chunks_returned_to_freelist: 20.
num_chunks_taken_from_freelist: 15374.
num_chunk_merges: 6.
num_chunk_splits: 10005.
num_chunks_enlarged: 6221.
num_inconsistent_stats: 0.

CodeHeap 'non-profiled nmethods': size=120000Kb used=13417Kb max_used=13417Kb free=106582Kb
 bounds [0x0000022ed6120000, 0x0000022ed6e40000, 0x0000022edd650000]
CodeHeap 'profiled nmethods': size=120000Kb used=37155Kb max_used=41171Kb free=82844Kb
 bounds [0x0000022ece650000, 0x0000022ed0e90000, 0x0000022ed5b80000]
CodeHeap 'non-nmethods': size=5760Kb used=2561Kb max_used=2622Kb free=3198Kb
 bounds [0x0000022ed5b80000, 0x0000022ed5e30000, 0x0000022ed6120000]
CodeCache: size=245760Kb, used=53133Kb, max_used=57210Kb, free=192624Kb
 total_blobs=18037, nmethods=16921, adapters=1019, full_count=0
Compilation: enabled, stopped_count=0, restarted_count=0

Compilation events (20 events):
Event: 185.057 Thread 0x0000022ee2d74a10 33187       2       org.gradle.internal.logging.text.AbstractLineChoppingStyledTextOutput::doAppend (43 bytes)
Event: 185.057 Thread 0x0000022ee2d74a10 nmethod 33187 0x0000022ecefd4e10 code [0x0000022ecefd4fe0, 0x0000022ecefd52c8]
Event: 185.057 Thread 0x0000022ee2d74a10 33186       2       org.gradle.internal.logging.text.AbstractLineChoppingStyledTextOutput$2::execute (77 bytes)
Event: 185.058 Thread 0x0000022ee2d74a10 nmethod 33186 0x0000022eced06010 code [0x0000022eced06220, 0x0000022eced06630]
Event: 185.058 Thread 0x0000022ee2d74a10 33173       2       org.gradle.internal.logging.text.AbstractLineChoppingStyledTextOutput$StateContext::isCurrentCharEquals (70 bytes)
Event: 185.058 Thread 0x0000022ee2d74a10 nmethod 33173 0x0000022ecf00f090 code [0x0000022ecf00f240, 0x0000022ecf00f4c0]
Event: 185.058 Thread 0x0000022ee2d74a10 33174       2       org.gradle.internal.logging.text.AbstractLineChoppingStyledTextOutput$StateContext::setState (10 bytes)
Event: 185.059 Thread 0x0000022ee2d74a10 nmethod 33174 0x0000022ed04fa390 code [0x0000022ed04fa540, 0x0000022ed04fa6a0]
Event: 185.059 Thread 0x0000022ee2d74a10 33182       2       org.gradle.internal.logging.text.AbstractLineChoppingStyledTextOutput$SeenFromEol::all (18 bytes)
Event: 185.059 Thread 0x0000022ee2d74a10 nmethod 33182 0x0000022ed0586810 code [0x0000022ed05869a0, 0x0000022ed0586ac8]
Event: 185.059 Thread 0x0000022ee2d74a10 33183       2       org.gradle.internal.logging.text.AbstractLineChoppingStyledTextOutput$SeenFromEol::none (13 bytes)
Event: 185.059 Thread 0x0000022ee2d74a10 nmethod 33183 0x0000022ed058f410 code [0x0000022ed058f5a0, 0x0000022ed058f6b8]
Event: 185.059 Thread 0x0000022ee2d74a10 33185       2       org.gradle.internal.logging.text.AbstractLineChoppingStyledTextOutput$2::execute (9 bytes)
Event: 185.059 Thread 0x0000022ee2d74a10 nmethod 33185 0x0000022ed0539f10 code [0x0000022ed053a0c0, 0x0000022ed053a218]
Event: 185.059 Thread 0x0000022ee2d74a10 33180       1       org.gradle.internal.logging.text.AbstractLineChoppingStyledTextOutput$StateContext::access$500 (5 bytes)
Event: 185.059 Thread 0x0000022ee2d74a10 nmethod 33180 0x0000022ed6e2bd90 code [0x0000022ed6e2bf20, 0x0000022ed6e2bfd0]
Event: 185.059 Thread 0x0000022ee2d74a10 33171       1       org.gradle.internal.logging.text.AbstractLineChoppingStyledTextOutput$SeenFromEol::size (5 bytes)
Event: 185.059 Thread 0x0000022ee2d74a10 nmethod 33171 0x0000022ed6e2c090 code [0x0000022ed6e2c220, 0x0000022ed6e2c2e8]
Event: 185.059 Thread 0x0000022ee2d74a10 33178       1       org.gradle.internal.logging.text.AbstractLineChoppingStyledTextOutput$StateContext::access$000 (5 bytes)
Event: 185.059 Thread 0x0000022ee2d74a10 nmethod 33178 0x0000022ed6e2c390 code [0x0000022ed6e2c520, 0x0000022ed6e2c5d0]

GC Heap History (20 events):
Event: 168.629 GC heap before
{Heap before GC invocations=69 (full 0):
 garbage-first heap   total 541696K, used 456762K [0x0000000080000000, 0x0000000100000000)
  region size 1024K, 135 young (138240K), 4 survivors (4096K)
 Metaspace       used 185238K, committed 188224K, reserved 1245184K
  class space    used 24996K, committed 26496K, reserved 1048576K
}
Event: 168.639 GC heap after
{Heap after GC invocations=70 (full 0):
 garbage-first heap   total 864256K, used 323854K [0x0000000080000000, 0x0000000100000000)
  region size 1024K, 4 young (4096K), 4 survivors (4096K)
 Metaspace       used 185238K, committed 188224K, reserved 1245184K
  class space    used 24996K, committed 26496K, reserved 1048576K
}
Event: 170.445 GC heap before
{Heap before GC invocations=71 (full 0):
 garbage-first heap   total 864256K, used 814350K [0x0000000080000000, 0x0000000100000000)
  region size 1024K, 481 young (492544K), 4 survivors (4096K)
 Metaspace       used 187868K, committed 190912K, reserved 1245184K
  class space    used 25301K, committed 26816K, reserved 1048576K
}
Event: 170.461 GC heap after
{Heap after GC invocations=72 (full 0):
 garbage-first heap   total 864256K, used 339753K [0x0000000080000000, 0x0000000100000000)
  region size 1024K, 16 young (16384K), 16 survivors (16384K)
 Metaspace       used 187868K, committed 190912K, reserved 1245184K
  class space    used 25301K, committed 26816K, reserved 1048576K
}
Event: 171.374 GC heap before
{Heap before GC invocations=72 (full 0):
 garbage-first heap   total 864256K, used 802601K [0x0000000080000000, 0x0000000100000000)
  region size 1024K, 467 young (478208K), 16 survivors (16384K)
 Metaspace       used 192026K, committed 195072K, reserved 1245184K
  class space    used 25730K, committed 27264K, reserved 1048576K
}
Event: 171.398 GC heap after
{Heap after GC invocations=73 (full 0):
 garbage-first heap   total 864256K, used 350422K [0x0000000080000000, 0x0000000100000000)
  region size 1024K, 32 young (32768K), 32 survivors (32768K)
 Metaspace       used 192026K, committed 195072K, reserved 1245184K
  class space    used 25730K, committed 27264K, reserved 1048576K
}
Event: 171.515 GC heap before
{Heap before GC invocations=73 (full 0):
 garbage-first heap   total 864256K, used 411862K [0x0000000080000000, 0x0000000100000000)
  region size 1024K, 94 young (96256K), 32 survivors (32768K)
 Metaspace       used 192131K, committed 195200K, reserved 1245184K
  class space    used 25737K, committed 27264K, reserved 1048576K
}
Event: 171.536 GC heap after
{Heap after GC invocations=74 (full 0):
 garbage-first heap   total 864256K, used 346326K [0x0000000080000000, 0x0000000100000000)
  region size 1024K, 28 young (28672K), 28 survivors (28672K)
 Metaspace       used 192131K, committed 195200K, reserved 1245184K
  class space    used 25737K, committed 27264K, reserved 1048576K
}
Event: 172.921 GC heap before
{Heap before GC invocations=75 (full 0):
 garbage-first heap   total 864256K, used 821462K [0x0000000080000000, 0x0000000100000000)
  region size 1024K, 488 young (499712K), 28 survivors (28672K)
 Metaspace       used 193744K, committed 196800K, reserved 1245184K
  class space    used 25909K, committed 27456K, reserved 1048576K
}
Event: 172.943 GC heap after
{Heap after GC invocations=76 (full 0):
 garbage-first heap   total 864256K, used 344790K [0x0000000080000000, 0x0000000100000000)
  region size 1024K, 25 young (25600K), 25 survivors (25600K)
 Metaspace       used 193744K, committed 196800K, reserved 1245184K
  class space    used 25909K, committed 27456K, reserved 1048576K
}
Event: 174.141 GC heap before
{Heap before GC invocations=76 (full 0):
 garbage-first heap   total 864256K, used 833238K [0x0000000080000000, 0x0000000100000000)
  region size 1024K, 488 young (499712K), 25 survivors (25600K)
 Metaspace       used 194206K, committed 197248K, reserved 1245184K
  class space    used 25937K, committed 27456K, reserved 1048576K
}
Event: 174.167 GC heap after
{Heap after GC invocations=77 (full 0):
 garbage-first heap   total 866304K, used 343031K [0x0000000080000000, 0x0000000100000000)
  region size 1024K, 25 young (25600K), 25 survivors (25600K)
 Metaspace       used 194206K, committed 197248K, reserved 1245184K
  class space    used 25937K, committed 27456K, reserved 1048576K
}
Event: 175.022 GC heap before
{Heap before GC invocations=77 (full 0):
 garbage-first heap   total 866304K, used 646135K [0x0000000080000000, 0x0000000100000000)
  region size 1024K, 323 young (330752K), 25 survivors (25600K)
 Metaspace       used 194512K, committed 197504K, reserved 1245184K
  class space    used 25968K, committed 27456K, reserved 1048576K
}
Event: 175.047 GC heap after
{Heap after GC invocations=78 (full 0):
 garbage-first heap   total 866304K, used 340215K [0x0000000080000000, 0x0000000100000000)
  region size 1024K, 29 young (29696K), 29 survivors (29696K)
 Metaspace       used 194512K, committed 197504K, reserved 1245184K
  class space    used 25968K, committed 27456K, reserved 1048576K
}
Event: 177.743 GC heap before
{Heap before GC invocations=79 (full 0):
 garbage-first heap   total 866304K, used 864503K [0x0000000080000000, 0x0000000100000000)
  region size 1024K, 482 young (493568K), 29 survivors (29696K)
 Metaspace       used 196377K, committed 199360K, reserved 1245184K
  class space    used 26220K, committed 27712K, reserved 1048576K
}
Event: 177.805 GC heap after
{Heap after GC invocations=80 (full 0):
 garbage-first heap   total 928768K, used 406519K [0x0000000080000000, 0x0000000100000000)
  region size 1024K, 61 young (62464K), 61 survivors (62464K)
 Metaspace       used 196377K, committed 199360K, reserved 1245184K
  class space    used 26220K, committed 27712K, reserved 1048576K
}
Event: 180.421 GC heap before
{Heap before GC invocations=80 (full 0):
 garbage-first heap   total 928768K, used 900087K [0x0000000080000000, 0x0000000100000000)
  region size 1024K, 508 young (520192K), 61 survivors (62464K)
 Metaspace       used 200392K, committed 203392K, reserved 1245184K
  class space    used 26579K, committed 28096K, reserved 1048576K
}
Event: 180.532 GC heap after
{Heap after GC invocations=81 (full 0):
 garbage-first heap   total 1026048K, used 447130K [0x0000000080000000, 0x0000000100000000)
  region size 1024K, 64 young (65536K), 64 survivors (65536K)
 Metaspace       used 200392K, committed 203392K, reserved 1245184K
  class space    used 26579K, committed 28096K, reserved 1048576K
}
Event: 181.170 GC heap before
{Heap before GC invocations=81 (full 0):
 garbage-first heap   total 1026048K, used 519834K [0x0000000080000000, 0x0000000100000000)
  region size 1024K, 137 young (140288K), 64 survivors (65536K)
 Metaspace       used 201011K, committed 204032K, reserved 1245184K
  class space    used 26625K, committed 28160K, reserved 1048576K
}
Event: 181.201 GC heap after
{Heap after GC invocations=82 (full 0):
 garbage-first heap   total 1026048K, used 443172K [0x0000000080000000, 0x0000000100000000)
  region size 1024K, 5 young (5120K), 5 survivors (5120K)
 Metaspace       used 201011K, committed 204032K, reserved 1245184K
  class space    used 26625K, committed 28160K, reserved 1048576K
}

Dll operation events (3 events):
Event: 0.008 Loaded shared library C:\Program Files\Android\Android Studio\jbr\bin\java.dll
Event: 0.013 Loaded shared library C:\Program Files\Android\Android Studio\jbr\bin\zip.dll
Event: 0.524 Loaded shared library C:\Program Files\Android\Android Studio\jbr\bin\verify.dll

Deoptimization events (20 events):
Event: 185.054 Thread 0x0000022ef5c6c2c0 Uncommon trap: trap_request=0xffffff45 fr.pc=0x0000022ed6b5b310 relative=0x0000000000002930
Event: 185.054 Thread 0x0000022ef5c6c2c0 Uncommon trap: reason=unstable_if action=reinterpret pc=0x0000022ed6b5b310 method=com.google.gson.stream.JsonWriter.string(Ljava/lang/String;)V @ 106 c2
Event: 185.054 Thread 0x0000022ef5c6c2c0 DEOPT PACKING pc=0x0000022ed6b5b310 sp=0x0000005ac7cfd540
Event: 185.055 Thread 0x0000022ef5c6c2c0 DEOPT UNPACKING pc=0x0000022ed5bd7aa2 sp=0x0000005ac7cfd518 mode 2
Event: 185.060 Thread 0x0000022ef5c6c2c0 Uncommon trap: trap_request=0xffffffde fr.pc=0x0000022ed67a109c relative=0x00000000000013bc
Event: 185.060 Thread 0x0000022ef5c6c2c0 Uncommon trap: reason=class_check action=maybe_recompile pc=0x0000022ed67a109c method=org.gradle.tooling.internal.provider.runner.ClientBuildEventGenerator.progress(Lorg/gradle/internal/operations/OperationIdentifier;Lorg/gradle/internal/operations/Operat
Event: 185.060 Thread 0x0000022ef5c6c2c0 DEOPT PACKING pc=0x0000022ed67a109c sp=0x0000005ac7cfd560
Event: 185.060 Thread 0x0000022ef5c6c2c0 DEOPT UNPACKING pc=0x0000022ed5bd7aa2 sp=0x0000005ac7cfd540 mode 2
Event: 185.060 Thread 0x0000022ef5c6c2c0 Uncommon trap: trap_request=0xffffffde fr.pc=0x0000022ed67a109c relative=0x00000000000013bc
Event: 185.060 Thread 0x0000022ef5c6c2c0 Uncommon trap: reason=class_check action=maybe_recompile pc=0x0000022ed67a109c method=org.gradle.tooling.internal.provider.runner.ClientBuildEventGenerator.progress(Lorg/gradle/internal/operations/OperationIdentifier;Lorg/gradle/internal/operations/Operat
Event: 185.060 Thread 0x0000022ef5c6c2c0 DEOPT PACKING pc=0x0000022ed67a109c sp=0x0000005ac7cfd560
Event: 185.060 Thread 0x0000022ef5c6c2c0 DEOPT UNPACKING pc=0x0000022ed5bd7aa2 sp=0x0000005ac7cfd540 mode 2
Event: 185.060 Thread 0x0000022ef5c6c2c0 Uncommon trap: trap_request=0xffffffde fr.pc=0x0000022ed67a109c relative=0x00000000000013bc
Event: 185.060 Thread 0x0000022ef5c6c2c0 Uncommon trap: reason=class_check action=maybe_recompile pc=0x0000022ed67a109c method=org.gradle.tooling.internal.provider.runner.ClientBuildEventGenerator.progress(Lorg/gradle/internal/operations/OperationIdentifier;Lorg/gradle/internal/operations/Operat
Event: 185.060 Thread 0x0000022ef5c6c2c0 DEOPT PACKING pc=0x0000022ed67a109c sp=0x0000005ac7cfd560
Event: 185.060 Thread 0x0000022ef5c6c2c0 DEOPT UNPACKING pc=0x0000022ed5bd7aa2 sp=0x0000005ac7cfd540 mode 2
Event: 185.060 Thread 0x0000022ef5c6c2c0 Uncommon trap: trap_request=0xffffffde fr.pc=0x0000022ed67a109c relative=0x00000000000013bc
Event: 185.060 Thread 0x0000022ef5c6c2c0 Uncommon trap: reason=class_check action=maybe_recompile pc=0x0000022ed67a109c method=org.gradle.tooling.internal.provider.runner.ClientBuildEventGenerator.progress(Lorg/gradle/internal/operations/OperationIdentifier;Lorg/gradle/internal/operations/Operat
Event: 185.060 Thread 0x0000022ef5c6c2c0 DEOPT PACKING pc=0x0000022ed67a109c sp=0x0000005ac7cfd560
Event: 185.060 Thread 0x0000022ef5c6c2c0 DEOPT UNPACKING pc=0x0000022ed5bd7aa2 sp=0x0000005ac7cfd540 mode 2

Classes loaded (20 events):
Event: 183.145 Loading class sun/rmi/server/UnicastServerRef$HashToMethod_Maps$1
Event: 183.145 Loading class sun/rmi/server/UnicastServerRef$HashToMethod_Maps$1 done
Event: 183.152 Loading class sun/rmi/server/LoaderHandler$Loader
Event: 183.152 Loading class sun/rmi/server/LoaderHandler$Loader done
Event: 183.155 Loading class java/rmi/server/ServerNotActiveException
Event: 183.156 Loading class java/rmi/server/ServerNotActiveException done
Event: 183.158 Loading class sun/rmi/transport/DGCAckHandler
Event: 183.158 Loading class sun/rmi/transport/DGCAckHandler done
Event: 183.168 Loading class sun/rmi/transport/DGCAckHandler$1
Event: 183.168 Loading class sun/rmi/transport/DGCAckHandler$1 done
Event: 183.214 Loading class sun/rmi/transport/tcp/TCPTransport$ConnectionHandler
Event: 183.214 Loading class sun/rmi/transport/tcp/TCPTransport$ConnectionHandler done
Event: 183.226 Loading class sun/rmi/transport/Transport$1
Event: 183.227 Loading class sun/rmi/transport/Transport$1 done
Event: 183.228 Loading class sun/rmi/transport/DGCImpl$LeaseInfo
Event: 183.228 Loading class sun/rmi/transport/DGCImpl$LeaseInfo done
Event: 183.228 Loading class sun/rmi/transport/DGCImpl$1
Event: 183.228 Loading class sun/rmi/transport/DGCImpl$1 done
Event: 183.228 Loading class sun/rmi/transport/SequenceEntry
Event: 183.228 Loading class sun/rmi/transport/SequenceEntry done

Classes unloaded (4 events):
Event: 159.419 Thread 0x0000022ee2cc3690 Unloading class 0x0000000100f18c00 'java/lang/invoke/LambdaForm$MH+0x0000000100f18c00'
Event: 168.403 Thread 0x0000022ee2cc3690 Unloading class 0x0000000101934000 'java/lang/invoke/LambdaForm$DMH+0x0000000101934000'
Event: 181.567 Thread 0x0000022ee2cc3690 Unloading class 0x0000000101b0c400 'java/lang/invoke/LambdaForm$DMH+0x0000000101b0c400'
Event: 181.567 Thread 0x0000022ee2cc3690 Unloading class 0x0000000101a5c400 'java/lang/invoke/LambdaForm$DMH+0x0000000101a5c400'

Classes redefined (0 events):
No events

Internal exceptions (20 events):
Event: 185.026 Thread 0x0000022ef5c6c2c0 Exception <a 'sun/nio/fs/WindowsException'{0x00000000b89f9128}> (0x00000000b89f9128) 
thrown [s\src\hotspot\share\prims\jni.cpp, line 537]
Event: 185.027 Thread 0x0000022ef5c6c2c0 Exception <a 'java/lang/NoSuchMethodError'{0x00000000b89fdd10}: 'java.lang.Object java.lang.invoke.DirectMethodHandle$Holder.invokeStaticInit(java.lang.Object, java.lang.Object, java.lang.Object, int)'> (0x00000000b89fdd10) 
thrown [s\src\hotspot\share\interpreter\linkResolver.cpp, line 784]
Event: 185.031 Thread 0x0000022ef5c6c2c0 Exception <a 'sun/nio/fs/WindowsException'{0x00000000ad2bfad8}> (0x00000000ad2bfad8) 
thrown [s\src\hotspot\share\prims\jni.cpp, line 537]
Event: 185.035 Thread 0x0000022ef5c6c2c0 Exception <a 'sun/nio/fs/WindowsException'{0x00000000ad2e3700}> (0x00000000ad2e3700) 
thrown [s\src\hotspot\share\prims\jni.cpp, line 537]
Event: 185.038 Thread 0x0000022ef5c6c2c0 Exception <a 'sun/nio/fs/WindowsException'{0x00000000ad104a98}> (0x00000000ad104a98) 
thrown [s\src\hotspot\share\prims\jni.cpp, line 537]
Event: 185.061 Thread 0x0000022ef5c6c2c0 Exception <a 'sun/nio/fs/WindowsException'{0x00000000ad119e70}> (0x00000000ad119e70) 
thrown [s\src\hotspot\share\prims\jni.cpp, line 537]
Event: 185.064 Thread 0x0000022ef5c6c2c0 Exception <a 'sun/nio/fs/WindowsException'{0x00000000ad124560}> (0x00000000ad124560) 
thrown [s\src\hotspot\share\prims\jni.cpp, line 537]
Event: 185.073 Thread 0x0000022ef5c6c2c0 Exception <a 'sun/nio/fs/WindowsException'{0x00000000ad149108}> (0x00000000ad149108) 
thrown [s\src\hotspot\share\prims\jni.cpp, line 537]
Event: 185.074 Thread 0x0000022ef5c6c2c0 Exception <a 'sun/nio/fs/WindowsException'{0x00000000ad14ff50}> (0x00000000ad14ff50) 
thrown [s\src\hotspot\share\prims\jni.cpp, line 537]
Event: 185.084 Thread 0x0000022ef5c6c2c0 Exception <a 'sun/nio/fs/WindowsException'{0x00000000ad163c38}> (0x00000000ad163c38) 
thrown [s\src\hotspot\share\prims\jni.cpp, line 537]
Event: 185.091 Thread 0x0000022ef5c6c2c0 Exception <a 'sun/nio/fs/WindowsException'{0x00000000ad17d4a0}> (0x00000000ad17d4a0) 
thrown [s\src\hotspot\share\prims\jni.cpp, line 537]
Event: 185.092 Thread 0x0000022ef5c6c2c0 Exception <a 'sun/nio/fs/WindowsException'{0x00000000ad1848d8}> (0x00000000ad1848d8) 
thrown [s\src\hotspot\share\prims\jni.cpp, line 537]
Event: 185.092 Thread 0x0000022ef5c6c2c0 Exception <a 'sun/nio/fs/WindowsException'{0x00000000ad18b930}> (0x00000000ad18b930) 
thrown [s\src\hotspot\share\prims\jni.cpp, line 537]
Event: 185.093 Thread 0x0000022ef5c6c2c0 Exception <a 'sun/nio/fs/WindowsException'{0x00000000ad191950}> (0x00000000ad191950) 
thrown [s\src\hotspot\share\prims\jni.cpp, line 537]
Event: 185.094 Thread 0x0000022ef5c6c2c0 Exception <a 'sun/nio/fs/WindowsException'{0x00000000ad198b50}> (0x00000000ad198b50) 
thrown [s\src\hotspot\share\prims\jni.cpp, line 537]
Event: 185.095 Thread 0x0000022ef5c6c2c0 Exception <a 'sun/nio/fs/WindowsException'{0x00000000ad19fae8}> (0x00000000ad19fae8) 
thrown [s\src\hotspot\share\prims\jni.cpp, line 537]
Event: 185.096 Thread 0x0000022ef5c6c2c0 Exception <a 'sun/nio/fs/WindowsException'{0x00000000ad1ac9b8}> (0x00000000ad1ac9b8) 
thrown [s\src\hotspot\share\prims\jni.cpp, line 537]
Event: 185.102 Thread 0x0000022ef5c6c2c0 Exception <a 'sun/nio/fs/WindowsException'{0x00000000ad1b8a10}> (0x00000000ad1b8a10) 
thrown [s\src\hotspot\share\prims\jni.cpp, line 537]
Event: 185.103 Thread 0x0000022ef5c6c2c0 Exception <a 'sun/nio/fs/WindowsException'{0x00000000ad1be5f8}> (0x00000000ad1be5f8) 
thrown [s\src\hotspot\share\prims\jni.cpp, line 537]
Event: 185.103 Thread 0x0000022ef5c6c2c0 Exception <a 'sun/nio/fs/WindowsException'{0x00000000ad1c4c60}> (0x00000000ad1c4c60) 
thrown [s\src\hotspot\share\prims\jni.cpp, line 537]

ZGC Phase Switch (0 events):
No events

VM Operations (20 events):
Event: 180.420 Executing safepoint VM operation: G1CollectForAllocation (G1 Evacuation Pause)
Event: 180.533 Executing safepoint VM operation: G1CollectForAllocation (G1 Evacuation Pause) done
Event: 180.997 Executing safepoint VM operation: ICBufferFull
Event: 181.016 Executing safepoint VM operation: ICBufferFull done
Event: 181.170 Executing safepoint VM operation: G1TryInitiateConcMark (G1 Humongous Allocation)
Event: 181.201 Executing safepoint VM operation: G1TryInitiateConcMark (G1 Humongous Allocation) done
Event: 181.567 Executing safepoint VM operation: G1PauseRemark
Event: 181.608 Executing safepoint VM operation: G1PauseRemark done
Event: 181.928 Executing safepoint VM operation: G1PauseCleanup
Event: 181.929 Executing safepoint VM operation: G1PauseCleanup done
Event: 182.820 Executing safepoint VM operation: ICBufferFull
Event: 182.821 Executing safepoint VM operation: ICBufferFull done
Event: 182.930 Executing non-safepoint VM operation: HandshakeAllThreads (Deoptimize)
Event: 182.931 Executing non-safepoint VM operation: HandshakeAllThreads (Deoptimize) done
Event: 183.937 Executing safepoint VM operation: Cleanup
Event: 183.937 Executing safepoint VM operation: Cleanup done
Event: 185.101 Executing non-safepoint VM operation: HandshakeAllThreads (Deoptimize)
Event: 185.102 Executing non-safepoint VM operation: HandshakeAllThreads (Deoptimize) done
Event: 185.102 Executing safepoint VM operation: Cleanup
Event: 185.102 Executing safepoint VM operation: Cleanup done

Memory protections (0 events):
No events

Nmethod flushes (20 events):
Event: 181.603 Thread 0x0000022ee2cc3690 flushing  nmethod 0x0000022ecf83b990
Event: 181.603 Thread 0x0000022ee2cc3690 flushing  nmethod 0x0000022ecfa0ab90
Event: 181.603 Thread 0x0000022ee2cc3690 flushing  nmethod 0x0000022ecfa10810
Event: 181.603 Thread 0x0000022ee2cc3690 flushing  nmethod 0x0000022ecfac3010
Event: 181.603 Thread 0x0000022ee2cc3690 flushing  nmethod 0x0000022ecfacff10
Event: 181.603 Thread 0x0000022ee2cc3690 flushing  nmethod 0x0000022ecfad1c90
Event: 181.603 Thread 0x0000022ee2cc3690 flushing osr nmethod 0x0000022ecfb92610
Event: 181.603 Thread 0x0000022ee2cc3690 flushing  nmethod 0x0000022ecff13c10
Event: 181.603 Thread 0x0000022ee2cc3690 flushing  nmethod 0x0000022ed0002510
Event: 181.603 Thread 0x0000022ee2cc3690 flushing  nmethod 0x0000022ed00ab210
Event: 181.603 Thread 0x0000022ee2cc3690 flushing  nmethod 0x0000022ed018d110
Event: 181.603 Thread 0x0000022ee2cc3690 flushing  nmethod 0x0000022ed0190610
Event: 181.603 Thread 0x0000022ee2cc3690 flushing  nmethod 0x0000022ed072dc10
Event: 181.603 Thread 0x0000022ee2cc3690 flushing  nmethod 0x0000022ed0739390
Event: 181.603 Thread 0x0000022ee2cc3690 flushing  nmethod 0x0000022ed07df610
Event: 181.603 Thread 0x0000022ee2cc3690 flushing  nmethod 0x0000022ed0d3aa10
Event: 181.603 Thread 0x0000022ee2cc3690 flushing  nmethod 0x0000022ed0d3ee90
Event: 181.603 Thread 0x0000022ee2cc3690 flushing osr nmethod 0x0000022ed0d62110
Event: 181.603 Thread 0x0000022ee2cc3690 flushing osr nmethod 0x0000022ed0d68c90
Event: 181.603 Thread 0x0000022ee2cc3690 flushing osr nmethod 0x0000022ed0d7b310

Events (20 events):
Event: 173.511 Thread 0x0000022ef5761d60 Thread exited: 0x0000022ef5761d60
Event: 173.511 Thread 0x0000022ef5767fd0 Thread exited: 0x0000022ef5767fd0
Event: 176.681 Thread 0x0000022ef5c6f0b0 Thread added: 0x0000022eec3d3d40
Event: 177.363 Thread 0x0000022eec697520 Thread added: 0x0000022eee912ed0
Event: 177.549 Thread 0x0000022ef5c6c2c0 Thread added: 0x0000022eec3d43d0
Event: 177.574 Thread 0x0000022eec3d43d0 Thread added: 0x0000022eeae1cc40
Event: 177.580 Thread 0x0000022eeae1cc40 Thread added: 0x0000022eef06e420
Event: 177.583 Thread 0x0000022eef06e420 Thread added: 0x0000022eef06f7d0
Event: 177.613 Thread 0x0000022eef06f7d0 Thread added: 0x0000022eef06eab0
Event: 177.681 Thread 0x0000022eef06eab0 Thread added: 0x0000022eef0704f0
Event: 177.698 Thread 0x0000022eef0704f0 Thread added: 0x0000022eef06dd90
Event: 177.720 Thread 0x0000022eef06dd90 Thread added: 0x0000022eef06f140
Event: 182.784 Thread 0x0000022eee912ed0 Thread exited: 0x0000022eee912ed0
Event: 183.000 Thread 0x0000022eec697520 Thread added: 0x0000022efe3622c0
Event: 183.008 Thread 0x0000022eec697520 Thread added: 0x0000022efe35f4d0
Event: 183.010 Loaded shared library C:\Program Files\Android\Android Studio\jbr\bin\rmi.dll
Event: 183.012 Thread 0x0000022eec697520 Thread added: 0x0000022efe365740
Event: 183.145 Thread 0x0000022eec697520 Thread added: 0x0000022efe366460
Event: 183.145 Thread 0x0000022eec697520 Thread added: 0x0000022efe362fe0
Event: 183.217 Thread 0x0000022efe366460 Thread added: 0x0000022efe365dd0


Dynamic libraries:
0x00007ff6d77c0000 - 0x00007ff6d77ca000 	C:\Program Files\Android\Android Studio\jbr\bin\java.exe
0x00007fffd4f80000 - 0x00007fffd51e6000 	C:\WINDOWS\SYSTEM32\ntdll.dll
0x00007fffd3ea0000 - 0x00007fffd3f69000 	C:\WINDOWS\System32\KERNEL32.DLL
0x00007fffd2520000 - 0x00007fffd291e000 	C:\WINDOWS\System32\KERNELBASE.dll
0x00007fffd23c0000 - 0x00007fffd250c000 	C:\WINDOWS\System32\ucrtbase.dll
0x00007fffad9b0000 - 0x00007fffad9c8000 	C:\Program Files\Android\Android Studio\jbr\bin\jli.dll
0x00007fff5a4e0000 - 0x00007fff5a4fb000 	C:\Program Files\Android\Android Studio\jbr\bin\VCRUNTIME140.dll
0x00007fffd3290000 - 0x00007fffd3457000 	C:\WINDOWS\System32\USER32.dll
0x00007fffd22d0000 - 0x00007fffd22f7000 	C:\WINDOWS\System32\win32u.dll
0x00007fffd4d50000 - 0x00007fffd4d7b000 	C:\WINDOWS\System32\GDI32.dll
0x00007fffb81a0000 - 0x00007fffb8432000 	C:\WINDOWS\WinSxS\amd64_microsoft.windows.common-controls_6595b64144ccf1df_6.0.26100.8875_none_3e0d5d42e32fe9dd\COMCTL32.dll
0x00007fffd4e90000 - 0x00007fffd4f39000 	C:\WINDOWS\System32\msvcrt.dll
0x00007fffd21a0000 - 0x00007fffd22ca000 	C:\WINDOWS\System32\gdi32full.dll
0x00007fffd2c00000 - 0x00007fffd2ca3000 	C:\WINDOWS\System32\msvcp_win.dll
0x00007fffd3d80000 - 0x00007fffd3db2000 	C:\WINDOWS\System32\IMM32.DLL
0x00007fffb27c0000 - 0x00007fffb27cc000 	C:\Program Files\Android\Android Studio\jbr\bin\vcruntime140_1.dll
0x00007fff526b0000 - 0x00007fff5273d000 	C:\Program Files\Android\Android Studio\jbr\bin\msvcp140.dll
0x00007fff2cfd0000 - 0x00007fff2dc66000 	C:\Program Files\Android\Android Studio\jbr\bin\server\jvm.dll
0x00007fffd4240000 - 0x00007fffd42f7000 	C:\WINDOWS\System32\ADVAPI32.dll
0x00007fffd2cc0000 - 0x00007fffd2d6a000 	C:\WINDOWS\System32\sechost.dll
0x00007fffd40e0000 - 0x00007fffd41f8000 	C:\WINDOWS\System32\RPCRT4.dll
0x00007fffd3200000 - 0x00007fffd3280000 	C:\WINDOWS\System32\WS2_32.dll
0x00007fffd2000000 - 0x00007fffd205e000 	C:\WINDOWS\SYSTEM32\POWRPROF.dll
0x00007fffc68a0000 - 0x00007fffc68d6000 	C:\WINDOWS\SYSTEM32\WINMM.dll
0x00007fffbfc40000 - 0x00007fffbfc4b000 	C:\WINDOWS\SYSTEM32\VERSION.dll
0x00007fffd1fe0000 - 0x00007fffd1ff4000 	C:\WINDOWS\SYSTEM32\UMPDC.dll
0x00007fffd0e80000 - 0x00007fffd0e9b000 	C:\WINDOWS\SYSTEM32\kernel.appcore.dll
0x00007fffb1d40000 - 0x00007fffb1d4a000 	C:\Program Files\Android\Android Studio\jbr\bin\jimage.dll
0x00007fffcf760000 - 0x00007fffcf9a2000 	C:\WINDOWS\SYSTEM32\DBGHELP.DLL
0x00007fffd3880000 - 0x00007fffd3c03000 	C:\WINDOWS\System32\combase.dll
0x00007fffd3dc0000 - 0x00007fffd3e99000 	C:\WINDOWS\System32\OLEAUT32.dll
0x00007fffb2e70000 - 0x00007fffb2eab000 	C:\WINDOWS\SYSTEM32\dbgcore.DLL
0x00007fffd2930000 - 0x00007fffd29dc000 	C:\WINDOWS\System32\bcryptPrimitives.dll
0x00007fffb1e10000 - 0x00007fffb1e1e000 	C:\Program Files\Android\Android Studio\jbr\bin\instrument.dll
0x00007fff59e70000 - 0x00007fff59e90000 	C:\Program Files\Android\Android Studio\jbr\bin\java.dll
0x00007fff59e10000 - 0x00007fff59e28000 	C:\Program Files\Android\Android Studio\jbr\bin\zip.dll
0x00007fffd4590000 - 0x00007fffd4d22000 	C:\WINDOWS\System32\SHELL32.dll
0x00007fffcfc60000 - 0x00007fffd04f2000 	C:\WINDOWS\SYSTEM32\windows.storage.dll
0x00007fffd4300000 - 0x00007fffd43f7000 	C:\WINDOWS\System32\SHCORE.dll
0x00007fffd3d10000 - 0x00007fffd3d77000 	C:\WINDOWS\System32\shlwapi.dll
0x00007fffd20c0000 - 0x00007fffd20e9000 	C:\WINDOWS\SYSTEM32\profapi.dll
0x00007fffa4840000 - 0x00007fffa4850000 	C:\Program Files\Android\Android Studio\jbr\bin\net.dll
0x00007fffc6770000 - 0x00007fffc6897000 	C:\WINDOWS\SYSTEM32\WINHTTP.dll
0x00007fffd1430000 - 0x00007fffd149c000 	C:\WINDOWS\system32\mswsock.dll
0x00007fff54580000 - 0x00007fff54596000 	C:\Program Files\Android\Android Studio\jbr\bin\nio.dll
0x00007fffbfc20000 - 0x00007fffbfc30000 	C:\Program Files\Android\Android Studio\jbr\bin\verify.dll
0x00007fffb1cf0000 - 0x00007fffb1d17000 	C:\Users\tejas\.gradle\native\660c5614fbf4a5f2a75b1949f50a0caf5cd603558e7d8a26e50b933a0cfb79d1\windows-amd64\native-platform.dll
0x00007fff8d690000 - 0x00007fff8d707000 	C:\Users\tejas\.gradle\native\0.2.8\x86_64-windows-gnu\gradle-fileevents.dll
0x00007fff85bb0000 - 0x00007fff85bb9000 	C:\Program Files\Android\Android Studio\jbr\bin\management.dll
0x00007fff5a4d0000 - 0x00007fff5a4db000 	C:\Program Files\Android\Android Studio\jbr\bin\management_ext.dll
0x00007fffd3460000 - 0x00007fffd3468000 	C:\WINDOWS\System32\PSAPI.DLL
0x00007fffd0900000 - 0x00007fffd0933000 	C:\WINDOWS\SYSTEM32\IPHLPAPI.DLL
0x00007fffd2cb0000 - 0x00007fffd2cba000 	C:\WINDOWS\System32\NSI.dll
0x00007fffa2740000 - 0x00007fffa2749000 	C:\Program Files\Android\Android Studio\jbr\bin\extnet.dll
0x00007fffd1730000 - 0x00007fffd174b000 	C:\WINDOWS\SYSTEM32\CRYPTSP.dll
0x00007fffd0de0000 - 0x00007fffd0e19000 	C:\WINDOWS\system32\rsaenh.dll
0x00007fffd14f0000 - 0x00007fffd1522000 	C:\WINDOWS\SYSTEM32\USERENV.dll
0x00007fffd2090000 - 0x00007fffd20ba000 	C:\WINDOWS\SYSTEM32\bcrypt.dll
0x00007fffd1750000 - 0x00007fffd175c000 	C:\WINDOWS\SYSTEM32\CRYPTBASE.dll
0x00007fffb8ea0000 - 0x00007fffb8ea8000 	C:\WINDOWS\system32\wshunix.dll
0x00007fffd0940000 - 0x00007fffd0a96000 	C:\WINDOWS\SYSTEM32\DNSAPI.dll
0x00007fffd1210000 - 0x00007fffd121d000 	C:\WINDOWS\SYSTEM32\DSPARSE.dll
0x00007fffc1bf0000 - 0x00007fffc1bfb000 	C:\Windows\System32\rasadhlp.dll
0x00007fffc8ed0000 - 0x00007fffc8f56000 	C:\WINDOWS\System32\fwpuclnt.dll
0x00007fffd0fb0000 - 0x00007fffd0fe6000 	C:\WINDOWS\SYSTEM32\ntmarta.dll
0x00007fffabe50000 - 0x00007fffabe68000 	C:\WINDOWS\system32\napinsp.dll
0x00007fffaa350000 - 0x00007fffaa363000 	C:\WINDOWS\System32\winrnr.dll
0x00007fffaa320000 - 0x00007fffaa342000 	C:\WINDOWS\system32\nlansp_c.dll
0x00007fffbfc50000 - 0x00007fffbfc66000 	C:\WINDOWS\system32\wshbth.dll
0x00007fffbe8a0000 - 0x00007fffbe8a7000 	C:\Program Files\Android\Android Studio\jbr\bin\rmi.dll

JVMTI agents:
C:\Users\tejas\.gradle\wrapper\dists\gradle-9.5.0-bin\bvnork1r7n8i6kp5cnkibsc9q\gradle-9.5.0\lib\agents\gradle-instrumentation-agent-9.5.0.jar path:C:\Program Files\Android\Android Studio\jbr\bin\instrument.dll, loaded, initialized, instrumentlib options:none

dbghelp: loaded successfully - version: 4.0.5 - missing functions: none
symbol engine: initialized successfully - sym options: 0x614 - pdb path: .;C:\Program Files\Android\Android Studio\jbr\bin;C:\WINDOWS\SYSTEM32;C:\WINDOWS\WinSxS\amd64_microsoft.windows.common-controls_6595b64144ccf1df_6.0.26100.8875_none_3e0d5d42e32fe9dd;C:\Program Files\Android\Android Studio\jbr\bin\server;C:\Users\tejas\.gradle\native\660c5614fbf4a5f2a75b1949f50a0caf5cd603558e7d8a26e50b933a0cfb79d1\windows-amd64;C:\Users\tejas\.gradle\native\0.2.8\x86_64-windows-gnu

VM Arguments:
jvm_args: --add-opens=java.base/java.lang=ALL-UNNAMED --add-opens=java.base/java.lang.invoke=ALL-UNNAMED --add-opens=java.base/java.util=ALL-UNNAMED --add-opens=java.prefs/java.util.prefs=ALL-UNNAMED --add-exports=jdk.compiler/com.sun.tools.javac.api=ALL-UNNAMED --add-exports=jdk.compiler/com.sun.tools.javac.util=ALL-UNNAMED --add-opens=java.base/java.nio.charset=ALL-UNNAMED --add-opens=java.base/java.net=ALL-UNNAMED --add-opens=java.base/java.util.concurrent=ALL-UNNAMED --add-opens=java.base/java.util.concurrent.atomic=ALL-UNNAMED --add-opens=java.xml/javax.xml.namespace=ALL-UNNAMED --add-opens=java.base/java.time=ALL-UNNAMED -Xmx2048m -Dfile.encoding=UTF-8 -Duser.country=IN -Duser.language=en -Duser.variant -javaagent:C:\Users\tejas\.gradle\wrapper\dists\gradle-9.5.0-bin\bvnork1r7n8i6kp5cnkibsc9q\gradle-9.5.0\lib\agents\gradle-instrumentation-agent-9.5.0.jar 
java_command: org.gradle.launcher.daemon.bootstrap.GradleDaemon 9.5.0
java_class_path (initial): C:\Users\tejas\.gradle\wrapper\dists\gradle-9.5.0-bin\bvnork1r7n8i6kp5cnkibsc9q\gradle-9.5.0\lib\gradle-daemon-main-9.5.0.jar
Launcher Type: SUN_STANDARD

[Global flags]
     intx CICompilerCount                          = 4                                         {product} {ergonomic}
     uint ConcGCThreads                            = 2                                         {product} {ergonomic}
     uint G1ConcRefinementThreads                  = 8                                         {product} {ergonomic}
   size_t G1HeapRegionSize                         = 1048576                                   {product} {ergonomic}
    uintx GCDrainStackTargetSize                   = 64                                        {product} {ergonomic}
   size_t InitialHeapSize                          = 264241152                                 {product} {ergonomic}
   size_t MarkStackSize                            = 4194304                                   {product} {ergonomic}
   size_t MaxHeapSize                              = 2147483648                                {product} {command line}
   size_t MaxNewSize                               = 1287651328                                {product} {ergonomic}
   size_t MinHeapDeltaBytes                        = 1048576                                   {product} {ergonomic}
   size_t MinHeapSize                              = 8388608                                   {product} {ergonomic}
    uintx NonNMethodCodeHeapSize                   = 5839372                                {pd product} {ergonomic}
    uintx NonProfiledCodeHeapSize                  = 122909434                              {pd product} {ergonomic}
    uintx ProfiledCodeHeapSize                     = 122909434                              {pd product} {ergonomic}
    uintx ReservedCodeCacheSize                    = 251658240                              {pd product} {ergonomic}
     bool SegmentedCodeCache                       = true                                      {product} {ergonomic}
   size_t SoftMaxHeapSize                          = 2147483648                             {manageable} {ergonomic}
     bool UseCompressedOops                        = true                           {product lp64_product} {ergonomic}
     bool UseG1GC                                  = true                                      {product} {ergonomic}
     bool UseLargePagesIndividualAllocation        = false                                  {pd product} {ergonomic}

Logging:
Log output configuration:
 #0: stdout all=warning uptime,level,tags foldmultilines=false
 #1: stderr all=off uptime,level,tags foldmultilines=false

Release file:
JAVA_VERSION="21.0.10" 
MODULES="java.base java.compiler java.datatransfer java.xml java.prefs java.desktop java.instrument java.logging java.management java.security.sasl java.naming java.rmi java.management.rmi java.net.http java.scripting java.security.jgss java.transaction.xa java.sql java.sql.rowset java.xml.crypto java.se java.smartcardio jdk.accessibility jdk.internal.jvmstat jdk.attach jdk.charsets jdk.internal.opt jdk.zipfs jdk.compiler jdk.crypto.ec jdk.crypto.cryptoki jdk.dynalink jdk.hotspot.agent jdk.httpserver jdk.internal.ed jdk.internal.le jdk.internal.vm.ci jdk.jartool jdk.javadoc jdk.jcmd jdk.jdeps jdk.jdwp.agent jdk.jdi jdk.jfr jdk.jlink jdk.jsobject jdk.localedata jdk.management jdk.management.agent jdk.management.jfr jdk.naming.dns jdk.naming.rmi jdk.net jdk.sctp jdk.security.auth jdk.security.jgss jdk.unsupported jdk.unsupported.desktop jdk.xml.dom" 
IMPLEMENTOR="JetBrains s.r.o." 
JAVA_RUNTIME_VERSION="21.0.10+-14961533-b1163.108" 
LIBC="default" 
OS_ARCH="x86_64" 
OS_NAME="Windows" 
SOURCE=".:git:1351622c2ff2" 

Environment Variables:
PATH=C:\Users\tejas\AppData\Local\Programs\Python\Python314\Scripts\;C:\Users\tejas\AppData\Local\Programs\Python\Python314\;D:\app\lokeshdl\product\11.2.0\dbhome_1\bin;C:\Program Files\Common Files\Oracle\Java\javapath;C:\WINDOWS\system32;C:\WINDOWS;C:\WINDOWS\System32\Wbem;C:\WINDOWS\System32\WindowsPowerShell\v1.0\;C:\WINDOWS\System32\OpenSSH\;C:\ProgramData\chocolatey\bin;C:\Program Files\Git\cmd;C:\Program Files\nodejs\;C:\Users\tejas\AppData\Local\Microsoft\WindowsApps;C:\Users\tejas\AppData\Local\Programs\Microsoft VS Code\bin;C:\Program Files (x86)\Nmap;C:\Users\tejas\AppData\Roaming\npm
USERNAME=tejas
OS=Windows_NT
PROCESSOR_IDENTIFIER=Intel64 Family 6 Model 140 Stepping 1, GenuineIntel
TMP=C:\Users\tejas\AppData\Local\Temp
TEMP=C:\Users\tejas\AppData\Local\Temp




Periodic native trim disabled

JNI global refs:
JNI global refs: 27, weak refs: 4

JNI global refs memory usage: 835, weak refs: 833

Process memory usage:
Resident Set Size: 1431280K (8% of 16511608K total physical memory with 326776K free physical memory)

OOME stack traces (most recent first):
Classloader memory used:
Loader org.gradle.internal.classloader.VisitableURLClassLoader$InstrumentingVisitableURLClassLoader: 78342K
Loader org.gradle.internal.classloader.VisitableURLClassLoader                         : 53072K
Loader bootstrap                                                                       : 37490K
Loader org.gradle.initialization.MixInLegacyTypesClassLoader                           : 17722K
Loader org.gradle.internal.classloader.VisitableURLClassLoader                         : 8577K
Loader java.net.URLClassLoader                                                         : 4208K
Loader jdk.internal.reflect.DelegatingClassLoader                                      : 1876K
Loader jdk.internal.loader.ClassLoaders$PlatformClassLoader                            : 469K
Loader org.gradle.groovy.scripts.internal.DefaultScriptCompilationHandler$ScriptClassLoader: 206K
Loader jdk.internal.loader.ClassLoaders$AppClassLoader                                 : 192K
Loader sun.reflect.misc.MethodUtil                                                     : 2984B

Classes loaded by more than one classloader:
Class Program                                                                         : loaded 5 times (x 72B)
Class com.google.common.collect.Iterators$MergingIterator                             : loaded 4 times (x 81B)
Class com.google.common.collect.Iterators                                             : loaded 4 times (x 71B)
Class com.google.common.collect.Lists$StringAsImmutableList                           : loaded 4 times (x 207B)
Class com.google.common.collect.AbstractIterator                                      : loaded 4 times (x 82B)
Class com.google.common.collect.AbstractIndexedListIterator                           : loaded 4 times (x 96B)
Class com.google.common.collect.Iterators$SingletonIterator                           : loaded 4 times (x 81B)
Class com.google.common.collect.Iterators$ArrayItr                                    : loaded 4 times (x 97B)
Class com.google.common.collect.ImmutableList                                         : loaded 4 times (x 206B)
Class com.google.common.collect.Iterators$1                                           : loaded 4 times (x 81B)
Class com.google.common.collect.Iterators$4                                           : loaded 4 times (x 82B)
Class com.google.common.collect.Iterators$5                                           : loaded 4 times (x 82B)
Class com.google.common.collect.ImmutableCollection                                   : loaded 4 times (x 125B)
Class com.google.common.collect.Lists                                                 : loaded 4 times (x 71B)
Class com.google.common.collect.Iterators$9                                           : loaded 4 times (x 81B)
Class com.google.common.collect.UnmodifiableIterator                                  : loaded 4 times (x 80B)
Class com.google.common.collect.UnmodifiableListIterator                              : loaded 4 times (x 95B)
Class com.google.common.base.Preconditions                                            : loaded 4 times (x 71B)
Class com.google.common.collect.PeekingIterator                                       : loaded 4 times (x 70B)
Class kotlin.collections.CollectionsKt__ReversedViewsKt                               : loaded 3 times (x 71B)
Class com.google.common.base.Joiner$2                                                 : loaded 3 times (x 80B)
Class kotlin.collections.ArraysKt__ArraysJVMKt                                        : loaded 3 times (x 71B)
Class com.google.gson.stream.JsonReader                                               : loaded 3 times (x 97B)
Class com.google.common.base.CharMatcher$IsEither                                     : loaded 3 times (x 111B)
Class com.google.common.base.CharMatcher                                              : loaded 3 times (x 111B)
Class kotlin.sequences.SequencesKt__SequenceBuilderKt                                 : loaded 3 times (x 71B)
Class com.google.common.base.Joiner$1                                                 : loaded 3 times (x 81B)
Class kotlin.collections.SetsKt__SetsKt                                               : loaded 3 times (x 71B)
Class kotlin.sequences.FilteringSequence$iterator$1                                   : loaded 3 times (x 79B)
Class kotlin.collections.ArraysKt                                                     : loaded 3 times (x 71B)
Class com.google.common.base.CharMatcher$Is                                           : loaded 3 times (x 111B)
Class com.google.common.base.CharMatcher$Negated                                      : loaded 3 times (x 113B)
Class com.google.common.collect.ImmutableList$1                                       : loaded 3 times (x 97B)
Class kotlin.ranges.RangesKt___RangesKt                                               : loaded 3 times (x 71B)
Class kotlin.KotlinNullPointerException                                               : loaded 3 times (x 83B)
Class kotlin.collections.CollectionsKt__IterablesKt                                   : loaded 3 times (x 71B)
Class kotlin.collections.MapsKt                                                       : loaded 3 times (x 71B)
Class kotlin.jvm.internal.Intrinsics                                                  : loaded 3 times (x 71B)
Class com.google.common.collect.ImmutableSet$RegularSetBuilderImpl                    : loaded 3 times (x 77B)
Class org.gradle.internal.IoActions                                                   : loaded 3 times (x 71B)
Class kotlin.text.StringsKt___StringsKt                                               : loaded 3 times (x 71B)
Class kotlin.enums.EnumEntriesKt                                                      : loaded 3 times (x 71B)
Class kotlin.collections.CollectionsKt__MutableCollectionsJVMKt                       : loaded 3 times (x 71B)
Class kotlin.collections.MapsKt__MapWithDefaultKt                                     : loaded 3 times (x 71B)
Class com.google.gson.stream.MalformedJsonException                                   : loaded 3 times (x 82B)
Class kotlin.collections.ArraysKt___ArraysKt                                          : loaded 3 times (x 71B)
Class kotlin.io.FilesKt                                                               : loaded 3 times (x 71B)
Class kotlin.collections.MapsKt___MapsKt                                              : loaded 3 times (x 71B)
Class kotlin.text.StringsKt___StringsJvmKt                                            : loaded 3 times (x 71B)
Class org.gradle.api.GradleException                                                  : loaded 3 times (x 82B)
Class kotlin.collections.CollectionsKt___CollectionsKt                                : loaded 3 times (x 71B)
Class kotlin.collections.EmptySet                                                     : loaded 3 times (x 122B)
Class com.google.common.base.CharMatcher$NegatedFastMatcher                           : loaded 3 times (x 113B)
Class kotlin.collections.MapsKt___MapsJvmKt                                           : loaded 3 times (x 71B)
Class com.google.common.base.Predicate                                                : loaded 3 times (x 70B)
Class kotlin.jvm.functions.Function2                                                  : loaded 3 times (x 70B)
Class com.google.common.base.CharMatcher$FastMatcher                                  : loaded 3 times (x 111B)
Class kotlin.jvm.functions.Function1                                                  : loaded 3 times (x 70B)
Class org.gradle.api.Action                                                           : loaded 3 times (x 70B)
Class org.gradle.internal.Cast                                                        : loaded 3 times (x 71B)
Class kotlin.jvm.functions.Function0                                                  : loaded 3 times (x 70B)
Class kotlin.io.FilesKt__FileTreeWalkKt                                               : loaded 3 times (x 71B)
Class kotlin.collections.ArraysUtilJVM                                                : loaded 3 times (x 71B)
Class kotlin.ranges.RangesKt                                                          : loaded 3 times (x 71B)
Class com.google.common.base.CharMatcher$Or                                           : loaded 3 times (x 112B)
Class kotlin.sequences.SequencesKt___SequencesJvmKt                                   : loaded 3 times (x 71B)
Class kotlin.Unit                                                                     : loaded 3 times (x 71B)
Class kotlin.TuplesKt                                                                 : loaded 3 times (x 71B)
Class kotlin.collections.CollectionsKt___CollectionsJvmKt                             : loaded 3 times (x 71B)
Class com.google.common.collect.ImmutableSet                                          : loaded 3 times (x 145B)
Class [Lcom.google.gson.Strictness;                                                   : loaded 3 times (x 69B)
Class com.google.common.base.CharMatcher$BitSetMatcher                                : loaded 3 times (x 112B)
Class com.google.common.base.CharMatcher$1                                            : loaded 3 times (x 113B)
Class kotlin.comparisons.ComparisonsKt___ComparisonsKt                                : loaded 3 times (x 71B)
Class kotlin.comparisons.ComparisonsKt                                                : loaded 3 times (x 71B)
Class kotlin.sequences.SequencesKt__SequencesKt                                       : loaded 3 times (x 71B)
Class kotlin.collections.SetsKt___SetsKt                                              : loaded 3 times (x 71B)
Class kotlin.ranges.RangesKt__RangesKt                                                : loaded 3 times (x 71B)
Class kotlin.comparisons.ComparisonsKt__ComparisonsKt                                 : loaded 3 times (x 71B)
Class kotlin.text.StringsKt__StringBuilderJVMKt                                       : loaded 3 times (x 71B)
Class kotlin.collections.AbstractCollection                                           : loaded 3 times (x 117B)
Class kotlin.collections.AbstractList                                                 : loaded 3 times (x 197B)
Class kotlin.sequences.SequencesKt__SequencesJVMKt                                    : loaded 3 times (x 71B)
Class kotlin.text.StringsKt__RegexExtensionsKt                                        : loaded 3 times (x 71B)
Class kotlin.io.FileSystemException                                                   : loaded 3 times (x 82B)
Class com.google.common.collect.RegularImmutableList                                  : loaded 3 times (x 213B)
Class kotlin.sequences.SequencesKt___SequencesKt                                      : loaded 3 times (x 71B)
Class kotlin.collections.AbstractList$Companion                                       : loaded 3 times (x 71B)
Class com.google.common.base.Function                                                 : loaded 3 times (x 70B)
Class kotlin.enums.EnumEntries                                                        : loaded 3 times (x 70B)
Class com.google.common.base.CharMatcher$IsNot                                        : loaded 3 times (x 111B)
Class com.google.common.collect.RegularImmutableSet                                   : loaded 3 times (x 149B)
Class kotlin.text.StringsKt__StringNumberConversionsKt                                : loaded 3 times (x 71B)
Class kotlin.io.FilesKt__FileReadWriteKt                                              : loaded 3 times (x 71B)
Class com.google.gson.Strictness                                                      : loaded 3 times (x 79B)
Class com.google.common.collect.ImmutableAsList                                       : loaded 3 times (x 209B)
Class com.google.common.base.CharMatcher$NamedFastMatcher                             : loaded 3 times (x 112B)
Class kotlin.text.StringsKt                                                           : loaded 3 times (x 71B)
Class com.google.common.collect.ImmutableSet$CachingAsList                            : loaded 3 times (x 148B)
Class kotlin.text.StringsKt__StringBuilderKt                                          : loaded 3 times (x 71B)
Class kotlin.collections.CollectionsKt__IteratorsKt                                   : loaded 3 times (x 71B)
Class kotlin.sequences.SequencesKt                                                    : loaded 3 times (x 71B)
Class kotlin.NoWhenBranchMatchedException                                             : loaded 3 times (x 82B)
Class kotlin.text.StringsKt__AppendableKt                                             : loaded 3 times (x 71B)
Class com.google.common.base.CharMatcher$AnyOf                                        : loaded 3 times (x 112B)
Class kotlin.collections.CollectionsKt__CollectionsJVMKt                              : loaded 3 times (x 71B)
Class kotlin.io.FilesKt__UtilsKt                                                      : loaded 3 times (x 71B)
Class com.google.common.base.CharMatcher$ForPredicate                                 : loaded 3 times (x 112B)
Class com.google.common.base.CharMatcher$InRange                                      : loaded 3 times (x 111B)
Class kotlin.jvm.internal.markers.KMappedMarker                                       : loaded 3 times (x 70B)
Class com.google.common.collect.SingletonImmutableSet                                 : loaded 3 times (x 146B)
Class kotlin.UninitializedPropertyAccessException                                     : loaded 3 times (x 82B)
Class Build_gradle                                                                    : loaded 3 times (x 126B)
Class kotlin.collections.MapsKt__MapsKt                                               : loaded 3 times (x 71B)
Class com.google.common.collect.ImmutableList$ReverseImmutableList                    : loaded 3 times (x 209B)
Class com.google.common.collect.SingletonImmutableList                                : loaded 3 times (x 207B)
Class com.google.common.collect.ImmutableSet$SetBuilderImpl                           : loaded 3 times (x 76B)
Class kotlin.text.StringsKt__IndentKt                                                 : loaded 3 times (x 71B)
Class kotlin.collections.SetsKt                                                       : loaded 3 times (x 71B)
Class com.google.common.base.ExtraObjectsMethodsForWeb                                : loaded 3 times (x 71B)
Class kotlin.text.StringsKt__StringsJVMKt                                             : loaded 3 times (x 71B)
Class com.google.common.collect.Multimap                                              : loaded 3 times (x 70B)
Class kotlin.io.FileAlreadyExistsException                                            : loaded 3 times (x 82B)
Class kotlin.Function                                                                 : loaded 3 times (x 70B)
Class kotlin.collections.SetsKt__SetsJVMKt                                            : loaded 3 times (x 71B)
Class com.google.common.collect.ImmutableList$SubList                                 : loaded 3 times (x 209B)
Class kotlin.collections.ArraysKt__ArraysKt                                           : loaded 3 times (x 71B)
Class com.google.common.collect.ForwardingObject                                      : loaded 3 times (x 72B)
Class com.google.common.base.Objects                                                  : loaded 3 times (x 71B)
Class com.google.common.base.CharMatcher$And                                          : loaded 3 times (x 112B)
Class kotlin.sequences.Sequence                                                       : loaded 3 times (x 70B)
Class kotlin.text.StringsKt__StringNumberConversionsJVMKt                             : loaded 3 times (x 71B)
Class kotlin.collections.MapsKt__MapsJVMKt                                            : loaded 3 times (x 71B)
Class kotlin.collections.EmptyList                                                    : loaded 3 times (x 174B)
Class kotlin.io.NoSuchFileException                                                   : loaded 3 times (x 82B)
Class kotlin.collections.CollectionsKt                                                : loaded 3 times (x 71B)
Class com.google.common.collect.RegularImmutableAsList                                : loaded 3 times (x 217B)
Class kotlin.io.FilesKt__FilePathComponentsKt                                         : loaded 3 times (x 71B)
Class kotlin.io.TerminateException                                                    : loaded 3 times (x 82B)
Class com.google.common.collect.ImmutableList$Builder                                 : loaded 3 times (x 77B)
Class kotlin.collections.CollectionsKt__MutableCollectionsKt                          : loaded 3 times (x 71B)
Class kotlin.text.StringsKt__StringsKt                                                : loaded 3 times (x 71B)
Class com.intellij.gradle.toolingExtension.util.GradleVersionUtil                     : loaded 3 times (x 71B)
Class kotlin.Pair                                                                     : loaded 3 times (x 72B)
Class kotlin.sequences.FilteringSequence                                              : loaded 3 times (x 75B)
Class com.google.common.base.Joiner                                                   : loaded 3 times (x 80B)
Class kotlin.collections.CollectionsKt__IteratorsJVMKt                                : loaded 3 times (x 71B)
Class kotlin.comparisons.ComparisonsKt___ComparisonsJvmKt                             : loaded 3 times (x 71B)
Class com.google.common.collect.ImmutableCollection$Builder                           : loaded 3 times (x 76B)
Class kotlin.NotImplementedError                                                      : loaded 3 times (x 82B)
Class kotlin.enums.EnumEntriesList                                                    : loaded 3 times (x 223B)
Class kotlin.text.StringsKt__RegexExtensionsJVMKt                                     : loaded 3 times (x 71B)
Class kotlin.collections.CollectionsKt__CollectionsKt                                 : loaded 3 times (x 71B)
Class kotlin.collections.ArraysKt___ArraysJvmKt                                       : loaded 3 times (x 71B)
Class sync_studio_tooling1_doo7293zv5kmyozu5ddu3ojqd                                  : loaded 2 times (x 171B)
Class kotlin.collections.CollectionsKt___CollectionsKt$asSequence$$inlined$Sequence$1 : loaded 2 times (x 75B)
Class org.gradle.internal.service.UnknownServiceException                             : loaded 2 times (x 83B)
Class com.google.common.collect.MapMakerInternalMap$StrongValueEntry                  : loaded 2 times (x 70B)
Class com.google.common.reflect.Types$ClassOwnership$2                                : loaded 2 times (x 80B)
Class com.google.common.reflect.TypeResolver                                          : loaded 2 times (x 72B)
Class com.google.common.io.ByteArrayDataInput                                         : loaded 2 times (x 70B)
Class com.google.common.collect.Sets$4                                                : loaded 2 times (x 141B)
Class org.objectweb.asm.ModuleVisitor                                                 : loaded 2 times (x 81B)
Class com.google.common.cache.LocalCache$Strength$1                                   : loaded 2 times (x 81B)
Class org.jetbrains.kotlin.idea.gradleTooling.model.kapt.KaptGradleModel              : loaded 2 times (x 70B)
Class org.jetbrains.kotlin.idea.gradleTooling.KotlinDslScriptAdditionalTask           : loaded 2 times (x 70B)
Class org.jetbrains.plugins.gradle.model.ClasspathEntryModel                          : loaded 2 times (x 70B)
Class org.apache.commons.io.output.QueueOutputStream                                  : loaded 2 times (x 87B)
Class com.google.common.reflect.Types$ClassOwnership$3                                : loaded 2 times (x 71B)
Class com.google.common.util.concurrent.SettableFuture                                : loaded 2 times (x 114B)
Class com.google.common.cache.LocalCache$Strength$2                                   : loaded 2 times (x 81B)
Class com.amazon.ion.IonTimestamp                                                     : loaded 2 times (x 70B)
Class com.amazon.ion.impl.bin.PooledBlockAllocatorProvider$PooledBlockAllocator       : loaded 2 times (x 81B)
Class com.intellij.platform.diagnostic.telemetry.rt.context.TelemetryContextGetter    : loaded 2 times (x 75B)
Class org.jetbrains.plugins.gradle.tooling.serialization.GradleExtensionsSerializationService: loaded 2 times (x 77B)
Class org.gradle.api.JavaVersion                                                      : loaded 2 times (x 79B)
Class org.gradle.tooling.model.Dependency                                             : loaded 2 times (x 70B)
Class com.amazon.ion.impl.lite.IonBoolLite                                            : loaded 2 times (x 179B)
Class com.google.common.cache.LocalCache$LocalLoadingCache                            : loaded 2 times (x 134B)
Class com.google.common.collect.Sets$3                                                : loaded 2 times (x 141B)
Class com.google.common.collect.Interners$InternerImpl                                : loaded 2 times (x 75B)
Class com.google.common.collect.Interner                                              : loaded 2 times (x 70B)
Class com.google.common.collect.TransformedIterator                                   : loaded 2 times (x 80B)
Class com.google.common.base.Splitter$1                                               : loaded 2 times (x 77B)
Class com.google.common.io.ByteStreams                                                : loaded 2 times (x 71B)
Class com.android.builder.model.v2.ide.AbstractArtifact                               : loaded 2 times (x 70B)
Class com.google.common.cache.LocalCache$Strength$3                                   : loaded 2 times (x 81B)
Class com.google.common.collect.MapDifference                                         : loaded 2 times (x 70B)
Class com.amazon.ion.IonDatagram                                                      : loaded 2 times (x 70B)
Class com.amazon.ion.impl.bin.IonManagedBinaryWriter$ImportedSymbolResolverMode$1$1   : loaded 2 times (x 78B)
Class com.amazon.ion.impl._Private_ByteTransferSink                                   : loaded 2 times (x 70B)
Class com.intellij.openapi.externalSystem.model.project.dependencies.ResolutionState  : loaded 2 times (x 79B)
Class com.google.common.collect.AllEqualOrdering                                      : loaded 2 times (x 114B)
Class kotlin._Assertions                                                              : loaded 2 times (x 71B)
Class ijKotlinCoroutineJvmDebugInit1_2zq7ajqx8qwxvmaf8qstcgjjd$_run_closure1$_closure2: loaded 2 times (x 139B)
Class org.apache.http.HttpMessage                                                     : loaded 2 times (x 70B)
Class com.google.common.collect.MapMaker$Dummy                                        : loaded 2 times (x 79B)
Class com.google.common.reflect.Invokable                                             : loaded 2 times (x 103B)
Class org.objectweb.asm.FieldWriter                                                   : loaded 2 times (x 78B)
Class com.google.common.cache.CacheBuilder$NullListener                               : loaded 2 times (x 82B)
Class com.google.gson.LongSerializationPolicy                                         : loaded 2 times (x 80B)
Class org.jetbrains.plugins.gradle.model.ExternalLibraryDependency                    : loaded 2 times (x 70B)
Class kotlin.text.Regex$Companion                                                     : loaded 2 times (x 71B)
Class org.gradle.internal.classpath.TransformedClassPath                              : loaded 2 times (x 96B)
Class org.gradle.internal.classloader.InstrumentingClassLoader                        : loaded 2 times (x 70B)
Class [Lorg.objectweb.asm.AnnotationVisitor;                                          : loaded 2 times (x 69B)
Class org.apache.commons.io.output.UnsynchronizedByteArrayOutputStream                : loaded 2 times (x 102B)
Class com.google.common.reflect.Types$ParameterizedTypeImpl                           : loaded 2 times (x 81B)
Class com.google.common.collect.ImmutableListMultimap                                 : loaded 2 times (x 176B)
Class com.google.common.base.AbstractIterator$State                                   : loaded 2 times (x 79B)
Class com.google.common.cache.CacheLoader$FunctionToCacheLoader                       : loaded 2 times (x 75B)
Class com.google.common.reflect.Types$ClassOwnership$1                                : loaded 2 times (x 80B)
Class com.amazon.ion.IonValue                                                         : loaded 2 times (x 70B)
Class com.google.common.collect.ImmutableRangeSet$AsSet                               : loaded 2 times (x 300B)
Class kotlin.jvm.internal.FunctionReference                                           : loaded 2 times (x 126B)
Class [Lkotlin.coroutines.intrinsics.CoroutineSingletons;                             : loaded 2 times (x 69B)
Class kotlin.jvm.internal.FunctionBase                                                : loaded 2 times (x 70B)
Class com.google.common.collect.MapMakerInternalMap$Strength$2                        : loaded 2 times (x 80B)
Class org.gradle.api.internal.ClassPathProvider                                       : loaded 2 times (x 70B)
Class org.apache.commons.io.output.ByteArrayOutputStream                              : loaded 2 times (x 102B)
Class com.google.common.reflect.TypeResolver$TypeVariableKey                          : loaded 2 times (x 72B)
Class com.google.common.collect.EmptyImmutableListMultimap                            : loaded 2 times (x 176B)
Class com.google.common.collect.BaseImmutableMultimap                                 : loaded 2 times (x 123B)
Class [Lorg.gradle.api.internal.ClassPathProvider;                                    : loaded 2 times (x 69B)
Class com.google.common.base.MoreObjects                                              : loaded 2 times (x 71B)
Class com.google.gson.internal.bind.DefaultDateTypeAdapter                            : loaded 2 times (x 74B)
Class com.google.gson.GsonBuilder                                                     : loaded 2 times (x 72B)
Class com.amazon.ion.impl.bin.IonRawBinaryWriter$ContainerType                        : loaded 2 times (x 79B)
Class com.amazon.ion.impl._Private_IonTextWriterBuilder$Mutable                       : loaded 2 times (x 102B)
Class [Lorg.jetbrains.kotlin.com.intellij.openapi.diagnostic.LogLevel;                : loaded 2 times (x 69B)
Class org.jetbrains.kotlin.build.report.metrics.GradleBuildTime                       : loaded 2 times (x 86B)
Class com.android.builder.model.v2.ide.TestInfo$Execution                             : loaded 2 times (x 79B)
Class com.google.gson.internal.Primitives                                             : loaded 2 times (x 71B)
Class com.google.common.collect.Platform                                              : loaded 2 times (x 71B)
Class [Lorg.objectweb.asm.Type;                                                       : loaded 2 times (x 69B)
Class com.google.gson.stream.JsonWriter                                               : loaded 2 times (x 98B)
Class org.gradle.tooling.ToolingModelContract                                         : loaded 2 times (x 70B)
Class org.jetbrains.kotlin.idea.gradleTooling.KotlinSourceSetContainer                : loaded 2 times (x 70B)
Class io.opentelemetry.context.ContextStorageWrappers                                 : loaded 2 times (x 71B)
Class io.opentelemetry.context.propagation.DefaultContextPropagators                  : loaded 2 times (x 75B)
Class org.jetbrains.plugins.gradle.model.IntelliJSettings                             : loaded 2 times (x 70B)
Class kotlin.Result                                                                   : loaded 2 times (x 72B)
Class org.gradle.internal.service.ServiceLocator                                      : loaded 2 times (x 70B)
Class kotlin.sequences.SequenceScope                                                  : loaded 2 times (x 73B)
Class [Lkotlin.Function;                                                              : loaded 2 times (x 69B)
Class kotlin.text.MatchResult                                                         : loaded 2 times (x 70B)
Class ijJvmDebugger1_2rhyu9qj30jreknztw4xy6p8l$_run_closure1$_closure2                : loaded 2 times (x 140B)
Class org.apache.commons.io.FileExistsException                                       : loaded 2 times (x 82B)
Class com.google.common.base.Ascii                                                    : loaded 2 times (x 71B)
Class com.google.common.collect.SingletonImmutableBiMap                               : loaded 2 times (x 143B)
Class com.google.common.collect.NaturalOrdering                                       : loaded 2 times (x 115B)
Class com.google.common.cache.LocalCache$1                                            : loaded 2 times (x 89B)
Class com.google.gson.internal.bind.TypeAdapterRuntimeTypeWrapper                     : loaded 2 times (x 74B)
Class com.google.common.collect.AbstractMapEntry                                      : loaded 2 times (x 81B)
Class com.amazon.ion.impl.IonWriterSystem                                             : loaded 2 times (x 171B)
Class com.amazon.ion.impl.bin.Symbols$2                                               : loaded 2 times (x 107B)
Class com.amazon.ion.impl.bin._Private_IonManagedWriter                               : loaded 2 times (x 70B)
Class com.android.ide.gradle.model.GradlePropertiesModel                              : loaded 2 times (x 70B)
Class kotlin.sequences.TransformingSequence$iterator$1                                : loaded 2 times (x 79B)
Class org.gradle.tooling.internal.adapter.ProtocolToModelAdapter$SupportedPropertyInvoker: loaded 2 times (x 76B)
Class org.gradle.tooling.model.UnsupportedMethodException                             : loaded 2 times (x 82B)
Class kotlin.io.CloseableKt                                                           : loaded 2 times (x 71B)
Class com.amazon.ion.SymbolToken                                                      : loaded 2 times (x 70B)
Class com.google.common.collect.AbstractSetMultimap                                   : loaded 2 times (x 174B)
Class com.google.common.collect.MapMakerInternalMap$AbstractStrongKeyEntry            : loaded 2 times (x 80B)
Class com.google.common.reflect.TypeToken$SimpleTypeToken                             : loaded 2 times (x 73B)
Class com.android.builder.model.v2.ide.BytecodeTransformation                         : loaded 2 times (x 79B)
Class com.google.common.collect.Sets$ImprovedAbstractSet                              : loaded 2 times (x 135B)
Class com.amazon.ion.impl.bin.IonRawBinaryWriter                                      : loaded 2 times (x 168B)
Class com.google.common.collect.AbstractMultimap                                      : loaded 2 times (x 123B)
Class com.google.common.cache.LocalCache$2                                            : loaded 2 times (x 142B)
Class com.amazon.ion.impl.lite.IonContainerLite                                       : loaded 2 times (x 249B)
Class com.amazon.ion.IonBufferConfiguration$OversizedSymbolTableHandler               : loaded 2 times (x 70B)
Class com.amazon.ion.system.IonWriterBuilder                                          : loaded 2 times (x 74B)
Class org.jetbrains.plugins.gradle.tooling.serialization.ToolingStreamApiUtils        : loaded 2 times (x 71B)
Class com.amazon.ion.facet.Faceted                                                    : loaded 2 times (x 70B)
Class com.amazon.ion.impl.SharedSymbolTable                                           : loaded 2 times (x 93B)
Class com.google.gson.FieldNamingStrategy                                             : loaded 2 times (x 70B)
Class com.android.builder.model.v2.ide.CodeShrinker                                   : loaded 2 times (x 79B)
Class com.google.gson.JsonArray                                                       : loaded 2 times (x 100B)
Class com.google.gson.internal.bind.MapTypeAdapterFactory$Adapter                     : loaded 2 times (x 74B)
Class com.google.gson.internal.sql.SqlTimeTypeAdapter$1                               : loaded 2 times (x 75B)
Class com.amazon.ion.impl.bin.utf8.Poolable                                           : loaded 2 times (x 79B)
Class com.amazon.ion.IonSymbol                                                        : loaded 2 times (x 70B)
Class io.opentelemetry.api.trace.SpanContext                                          : loaded 2 times (x 70B)
Class io.opentelemetry.api.trace.DefaultTracer$NoopSpanBuilder                        : loaded 2 times (x 91B)
Class org.jetbrains.plugins.gradle.tooling.serialization.AnnotationProcessingModelSerializationService$WriteContext: loaded 2 times (x 72B)
Class com.google.common.collect.ImmutableRangeSet$1                                   : loaded 2 times (x 210B)
Class kotlin.reflect.KCallable                                                        : loaded 2 times (x 70B)
Class com.google.common.base.Optional                                                 : loaded 2 times (x 80B)
Class com.google.common.collect.Sets$2                                                : loaded 2 times (x 141B)
Class com.google.common.util.concurrent.AbstractFuture$Trusted                        : loaded 2 times (x 70B)
Class org.jetbrains.kotlin.idea.gradleTooling.KotlinGradlePluginVersion               : loaded 2 times (x 70B)
Class com.intellij.compose.ide.plugin.gradleTooling.rt.ComposeResourcesModel          : loaded 2 times (x 70B)
Class com.intellij.gradle.toolingExtension.impl.util.collectionUtil.GradleCollections : loaded 2 times (x 71B)
Class com.amazon.ion.impl.lite.IonStructLite                                          : loaded 2 times (x 299B)
Class com.amazon.ion.impl._Private_ReaderWriter                                       : loaded 2 times (x 70B)
Class com.amazon.ion.impl.bin.AbstractSymbolTable                                     : loaded 2 times (x 107B)
Class com.amazon.ion.Decimal                                                          : loaded 2 times (x 133B)
Class com.amazon.ion.impl.bin._Private_IonManagedBinaryWriterBuilder$AllocatorMode$1  : loaded 2 times (x 80B)
Class org.jetbrains.plugins.gradle.tooling.serialization.ProjectDependenciesSerializationService$WriteContext: loaded 2 times (x 72B)
Class org.jetbrains.plugins.gradle.tooling.serialization.ProjectDependenciesSerializationService: loaded 2 times (x 77B)
Class kotlin.text.CharsKt                                                             : loaded 2 times (x 71B)
Class com.google.common.collect.Range                                                 : loaded 2 times (x 86B)
Class org.gradle.tooling.model.kotlin.dsl.KotlinDslScriptModel                        : loaded 2 times (x 70B)
Class org.gradle.tooling.internal.adapter.CollectionMapper                            : loaded 2 times (x 73B)
Class [Lorg.jetbrains.kotlin.build.report.metrics.BuildTime;                          : loaded 2 times (x 69B)
Class org.jetbrains.kotlin.tooling.core.KotlinToolingVersion                          : loaded 2 times (x 75B)
Class [Lcom.android.builder.model.v2.ide.LibraryType;                                 : loaded 2 times (x 69B)
Class com.android.builder.model.v2.ide.LibraryType                                    : loaded 2 times (x 79B)
Class com.google.common.io.ByteSink$AsCharSink                                        : loaded 2 times (x 80B)
Class com.android.builder.model.v2.models.BasicAndroidProject                         : loaded 2 times (x 70B)
Class com.google.common.util.concurrent.UncheckedExecutionException                   : loaded 2 times (x 82B)
Class com.google.gson.internal.bind.DefaultDateTypeAdapter$DateType                   : loaded 2 times (x 73B)
Class org.gradle.kotlin.dsl.VersionCatalogAccessorsKt                                 : loaded 2 times (x 71B)
Class com.amazon.ion.impl.lite.IonFloatLite                                           : loaded 2 times (x 187B)
Class com.amazon.ion.impl._Private_IonTextWriterBuilder                               : loaded 2 times (x 102B)
Class com.amazon.ion.impl.bin._Private_IonManagedBinaryWriterBuilder$AllocatorMode$2  : loaded 2 times (x 80B)
Class io.opentelemetry.api.trace.DefaultTracerProvider                                : loaded 2 times (x 79B)
Class ijInit1_45r19wv3lmv4tuajvdw2hmcsg$_run_closure1                                 : loaded 2 times (x 140B)
Class com.google.common.collect.ExplicitOrdering                                      : loaded 2 times (x 115B)
Class com.google.gson.internal.bind.ReflectiveTypeAdapterFactory$1                    : loaded 2 times (x 74B)
Class org.jetbrains.plugins.gradle.ExternalDependencyId                               : loaded 2 times (x 70B)
Class com.amazon.ion.impl._Private_IonReaderBuilder                                   : loaded 2 times (x 97B)
Class com.amazon.ion.IonMutableCatalog                                                : loaded 2 times (x 70B)
Class gnu.trove.THash                                                                 : loaded 2 times (x 81B)
Class com.intellij.gradle.toolingExtension.impl.model.buildScriptClasspathModel.GradleBuildScriptClasspathSerializationService$WriteContext: loaded 2 times (x 72B)
Class org.gradle.tooling.internal.adapter.ProtocolToModelAdapter                      : loaded 2 times (x 80B)
Class com.google.common.collect.Maps$ViewCachingAbstractMap                           : loaded 2 times (x 125B)
Class com.google.common.collect.MapMakerInternalMap$Strength$1                        : loaded 2 times (x 80B)
Class com.google.common.collect.HashMultimapGwtSerializationDependencies              : loaded 2 times (x 174B)
Class com.android.builder.model.v2.ide.AndroidGradlePluginProjectFlags$BooleanFlag    : loaded 2 times (x 79B)
Class com.google.common.collect.AbstractMapBasedMultimap$KeySet$1                     : loaded 2 times (x 82B)
Class org.objectweb.asm.ClassWriter                                                   : loaded 2 times (x 106B)
Class com.android.ide.common.gradle.Separator                                         : loaded 2 times (x 79B)
Class org.gradle.api.internal.DefaultClassPathProvider                                : loaded 2 times (x 76B)
Class com.google.common.cache.CacheLoader$UnsupportedLoadingOperationException        : loaded 2 times (x 82B)
Class com.google.gson.internal.bind.ReflectiveTypeAdapterFactory$2                    : loaded 2 times (x 79B)
Class [Lio.opentelemetry.context.ThreadLocalContextStorage$NoopScope;                 : loaded 2 times (x 69B)
Class io.opentelemetry.context.ThreadLocalContextStorage$NoopScope                    : loaded 2 times (x 85B)
Class org.gradle.internal.time.DefaultTimer                                           : loaded 2 times (x 80B)
Class com.google.common.collect.ComparatorOrdering                                    : loaded 2 times (x 115B)
Class org.objectweb.asm.FieldVisitor                                                  : loaded 2 times (x 77B)
Class com.google.gson.ToNumberStrategy                                                : loaded 2 times (x 70B)
Class com.google.gson.TypeAdapter                                                     : loaded 2 times (x 73B)
Class com.google.common.collect.IndexedImmutableSet                                   : loaded 2 times (x 152B)
Class com.google.common.collect.ImmutableMap$1                                        : loaded 2 times (x 81B)
Class com.google.common.collect.BiMap                                                 : loaded 2 times (x 70B)
Class com.amazon.ion.impl.bin.PooledBlockAllocatorProvider$PooledBlockAllocator$1     : loaded 2 times (x 79B)
Class com.amazon.ion.impl.lite.IonStringLite                                          : loaded 2 times (x 213B)
Class io.opentelemetry.context.ImplicitContextKeyed                                   : loaded 2 times (x 70B)
Class org.gradle.tooling.internal.adapter.ProtocolToModelAdapter$ViewKey              : loaded 2 times (x 72B)
Class org.gradle.api.internal.classpath.DefaultModuleRegistry$DefaultModule           : loaded 2 times (x 82B)
Class com.google.common.reflect.Reflection                                            : loaded 2 times (x 71B)
Class com.android.builder.model.v2.CustomSourceDirectory                              : loaded 2 times (x 70B)
Class com.google.common.primitives.Ints                                               : loaded 2 times (x 71B)
Class com.intellij.gradle.toolingExtension.impl.model.buildScriptClasspathModel.GradleBuildScriptClasspathSerializationService$ReadContext: loaded 2 times (x 72B)
Class com.android.ide.common.repository.AgpVersion                                    : loaded 2 times (x 75B)
Class com.amazon.ion.impl.bin.Block                                                   : loaded 2 times (x 79B)
Class io.opentelemetry.context.DefaultContextKey                                      : loaded 2 times (x 72B)
Class com.google.common.collect.NullsFirstOrdering                                    : loaded 2 times (x 115B)
Class kotlin.jvm.internal.KotlinGenericDeclaration                                    : loaded 2 times (x 70B)
Class kotlin.ResultKt                                                                 : loaded 2 times (x 71B)
Class org.gradle.tooling.internal.adapter.ProtocolToModelAdapter$PropertyCachingMethodInvoker: loaded 2 times (x 76B)
Class kotlin.collections.IndexingIterable                                             : loaded 2 times (x 79B)
Class com.amazon.ion.impl._Private_IonContainer                                       : loaded 2 times (x 70B)
Class com.android.builder.model.v2.models.ProjectSyncIssues                           : loaded 2 times (x 70B)
Class com.google.common.collect.ObjectArrays                                          : loaded 2 times (x 71B)
Class com.google.common.math.MathPreconditions                                        : loaded 2 times (x 71B)
Class com.google.common.collect.Multiset                                              : loaded 2 times (x 70B)
Class com.google.common.collect.ArrayListMultimapGwtSerializationDependencies         : loaded 2 times (x 172B)
Class com.google.gson.FieldNamingPolicy                                               : loaded 2 times (x 83B)
Class com.intellij.openapi.externalSystem.model.ExternalSystemException               : loaded 2 times (x 86B)
Class org.jetbrains.plugins.gradle.model.ExternalTask                                 : loaded 2 times (x 70B)
Class com.amazon.ion.impl.bin.utf8.Utf8StringEncoderPool$1                            : loaded 2 times (x 76B)
Class com.amazon.ion.impl.lite.IonLoaderLite                                          : loaded 2 times (x 82B)
Class com.amazon.ion.impl.lite.IonContext                                             : loaded 2 times (x 70B)
Class com.amazon.ion.impl.IonWriterSystemText                                         : loaded 2 times (x 190B)
Class [Lcom.amazon.ion.impl.bin.IonManagedBinaryWriter$ImportedSymbolResolverMode;    : loaded 2 times (x 69B)
Class com.amazon.ion.ValueFactory                                                     : loaded 2 times (x 70B)
Class io.opentelemetry.api.internal.IncubatingUtil                                    : loaded 2 times (x 71B)
Class io.opentelemetry.api.GlobalOpenTelemetry$ObfuscatedOpenTelemetry                : loaded 2 times (x 92B)
Class kotlin.Result$Failure                                                           : loaded 2 times (x 72B)
Class org.gradle.internal.time.DefaultCountdownTimer                                  : loaded 2 times (x 88B)
Class com.google.gson.FormattingStyle                                                 : loaded 2 times (x 78B)
Class com.google.gson.internal.bind.TypeAdapters                                      : loaded 2 times (x 71B)
Class org.apache.commons.io.output.NullOutputStream                                   : loaded 2 times (x 85B)
Class com.google.gson.internal.ObjectConstructor                                      : loaded 2 times (x 70B)
Class com.google.common.collect.ImmutableMapEntrySet                                  : loaded 2 times (x 152B)
Class com.amazon.ion.impl.bin.IonManagedBinaryWriter$SymbolResolver                   : loaded 2 times (x 70B)
Class com.amazon.ion.impl._Private_SymbolToken                                        : loaded 2 times (x 70B)
Class com.amazon.ion.impl.bin._Private_IonManagedBinaryWriterBuilder$AllocatorMode    : loaded 2 times (x 80B)
Class org.jetbrains.plugins.gradle.model.GradleTaskModel                              : loaded 2 times (x 70B)
Class org.jetbrains.plugins.gradle.tooling.util.ObjectCollector                       : loaded 2 times (x 72B)
Class org.gradle.tooling.internal.adapter.ProtocolToModelAdapter$AdaptingMethodInvoker: loaded 2 times (x 76B)
Class org.gradle.tooling.internal.gradle.DefaultBuildIdentifier                       : loaded 2 times (x 79B)
Class org.gradle.api.internal.classpath.Module                                        : loaded 2 times (x 70B)
Class com.android.ide.common.gradle.Numeric                                           : loaded 2 times (x 77B)
Class com.google.common.cache.Weigher                                                 : loaded 2 times (x 70B)
Class [Lcom.amazon.ion.util.GzipStreamInterceptor;                                    : loaded 2 times (x 69B)
Class com.amazon.ion.impl._Private_IonReaderBuilder$Mutable                           : loaded 2 times (x 97B)
Class com.intellij.openapi.externalSystem.model.project.IExternalSystemSourceType     : loaded 2 times (x 70B)
Class kotlin.internal.ProgressionUtilKt                                               : loaded 2 times (x 71B)
Class org.gradle.api.internal.classpath.UnknownModuleException                        : loaded 2 times (x 82B)
Class com.google.common.base.Stopwatch                                                : loaded 2 times (x 72B)
Class com.google.common.cache.LocalCache$Strength                                     : loaded 2 times (x 81B)
Class com.google.common.cache.Cache                                                   : loaded 2 times (x 70B)
Class com.google.gson.stream.JsonReader$1                                             : loaded 2 times (x 72B)
Class io.opentelemetry.api.trace.TraceStateBuilder                                    : loaded 2 times (x 70B)
Class com.intellij.openapi.externalSystem.model.project.dependencies.ProjectDependencies: loaded 2 times (x 70B)
Class org.jetbrains.plugins.gradle.tooling.serialization.ProjectDependenciesSerializationService$ReadContext: loaded 2 times (x 72B)
Class kotlin.collections.IndexingIterator                                             : loaded 2 times (x 79B)
Class org.jetbrains.kotlin.build.report.metrics.BuildMetricsReporter                  : loaded 2 times (x 70B)
Class com.google.common.io.AppendableWriter                                           : loaded 2 times (x 100B)
Class org.apache.commons.io.filefilter.IOFileFilter                                   : loaded 2 times (x 70B)
Class com.google.common.base.NullnessCasts                                            : loaded 2 times (x 71B)
Class com.google.common.util.concurrent.AbstractFuture$Cancellation                   : loaded 2 times (x 72B)
Class com.google.common.collect.ImmutableMap$Builder                                  : loaded 2 times (x 82B)
Class kotlin.io.ByteStreamsKt                                                         : loaded 2 times (x 71B)
Class com.google.common.base.Throwables                                               : loaded 2 times (x 71B)
Class com.google.common.base.Present                                                  : loaded 2 times (x 81B)
Class com.google.common.collect.AbstractMapBasedMultimap$WrappedCollection$WrappedIterator: loaded 2 times (x 84B)
Class com.google.common.collect.AbstractMapBasedMultimap$AsMap$AsMapIterator          : loaded 2 times (x 83B)
Class com.google.common.cache.RemovalListener                                         : loaded 2 times (x 70B)
Class [Lcom.google.gson.ToNumberPolicy;                                               : loaded 2 times (x 69B)
Class com.google.gson.ToNumberPolicy                                                  : loaded 2 times (x 83B)
Class com.amazon.ion.IonBufferConfiguration                                           : loaded 2 times (x 72B)
Class com.amazon.ion.impl.bin.Symbols                                                 : loaded 2 times (x 71B)
Class org.jetbrains.plugins.gradle.tooling.serialization.RepositoriesModelSerializationService: loaded 2 times (x 82B)
Class com.android.ide.gradle.model.artifacts.AdditionalClassifierArtifactsModel       : loaded 2 times (x 70B)
Class org.gradle.tooling.internal.gradle.GradleProjectIdentity                        : loaded 2 times (x 70B)
Class org.gradle.api.internal.DefaultClassPathRegistry                                : loaded 2 times (x 76B)
Class org.apache.commons.io.file.DeleteOption                                         : loaded 2 times (x 70B)
Class com.google.common.reflect.Invokable$ConstructorInvokable                        : loaded 2 times (x 107B)
Class com.google.common.collect.ImmutableMultimap$Keys                                : loaded 2 times (x 166B)
Class com.android.builder.model.v2.ide.JavaArtifact                                   : loaded 2 times (x 70B)
Class com.google.common.primitives.IntsMethodsForWeb                                  : loaded 2 times (x 71B)
Class org.objectweb.asm.AnnotationVisitor                                             : loaded 2 times (x 78B)
Class [Lcom.amazon.ion.impl.bin.AbstractIonWriter$WriteValueOptimization;             : loaded 2 times (x 69B)
Class io.opentelemetry.api.internal.AutoValue_ImmutableSpanContext                    : loaded 2 times (x 92B)
Class org.jetbrains.plugins.gradle.tooling.serialization.RepositoriesModelSerializationService$ReadContext: loaded 2 times (x 72B)
Class kotlin.ranges.ClosedRange                                                       : loaded 2 times (x 70B)
Class org.gradle.internal.classpath.DefaultClassPath$ImmutableUniqueList              : loaded 2 times (x 199B)
Class org.gradle.api.internal.ClassPathRegistry                                       : loaded 2 times (x 70B)
Class com.google.common.collect.Sets$1                                                : loaded 2 times (x 141B)
Class com.google.common.collect.MapMakerInternalMap$Segment                           : loaded 2 times (x 142B)
Class org.apache.commons.io.IOUtils                                                   : loaded 2 times (x 71B)
Class com.google.common.reflect.TypeToken                                             : loaded 2 times (x 73B)
Class com.google.common.collect.ImmutableSet$SerializedForm                           : loaded 2 times (x 73B)
Class com.amazon.ion.impl.bin.IonManagedBinaryWriter$UserState                        : loaded 2 times (x 85B)
Class com.amazon.ion.impl._Private_IonWriter                                          : loaded 2 times (x 70B)
Class com.amazon.ion.impl.bin._Private_IonManagedBinaryWriterBuilder                  : loaded 2 times (x 72B)
Class com.intellij.gradle.toolingExtension.impl.model.projectModel.GradleExternalProjectSerializationService$WriteContext: loaded 2 times (x 73B)
Class kotlin.collections.IntIterator                                                  : loaded 2 times (x 82B)
Class com.google.common.collect.NullnessCasts                                         : loaded 2 times (x 71B)
Class com.google.common.base.Splitter                                                 : loaded 2 times (x 72B)
Class com.google.common.collect.Iterators$EmptyModifiableIterator                     : loaded 2 times (x 86B)
Class org.gradle.tooling.internal.gradle.DefaultProjectIdentifier                     : loaded 2 times (x 86B)
Class com.google.common.io.ByteSink                                                   : loaded 2 times (x 76B)
Class com.android.builder.model.v2.dsl.SigningConfig                                  : loaded 2 times (x 70B)
Class com.android.builder.model.v2.models.AndroidProject                              : loaded 2 times (x 70B)
Class com.android.builder.model.v2.AndroidModel                                       : loaded 2 times (x 70B)
Class com.google.common.collect.ImmutableRangeSet                                     : loaded 2 times (x 115B)
Class com.google.common.cache.CacheBuilder                                            : loaded 2 times (x 72B)
Class com.google.gson.internal.bind.ArrayTypeAdapter$1                                : loaded 2 times (x 75B)
Class com.google.gson.internal.bind.JsonTreeWriter                                    : loaded 2 times (x 98B)
Class Settings_gradle$1                                                               : loaded 2 times (x 74B)
Class [Lcom.amazon.ion.SymbolToken;                                                   : loaded 2 times (x 69B)
Class io.opentelemetry.api.trace.ImmutableTraceFlags                                  : loaded 2 times (x 77B)
Class org.gradle.internal.classpath.ClassPath                                         : loaded 2 times (x 70B)
Class kotlin.sequences.SequencesKt__SequencesKt$asSequence$$inlined$Sequence$1        : loaded 2 times (x 75B)
Class com.google.common.collect.Interners$InternerBuilder                             : loaded 2 times (x 76B)
Class [Lcom.google.common.reflect.Types$JavaVersion;                                  : loaded 2 times (x 69B)
Class com.google.common.io.Files$FileByteSource                                       : loaded 2 times (x 85B)
Class com.google.common.base.JdkPattern                                               : loaded 2 times (x 75B)
Class com.amazon.ion.IonWriter                                                        : loaded 2 times (x 70B)
Class org.jetbrains.plugins.gradle.model.ExternalProjectDependency                    : loaded 2 times (x 70B)
Class org.jetbrains.plugins.gradle.tooling.serialization.KotlinDslScriptsModelSerializationService: loaded 2 times (x 81B)
Class kotlin.reflect.KFunction                                                        : loaded 2 times (x 70B)
Class kotlin.collections.ArrayDeque                                                   : loaded 2 times (x 207B)
Class org.jetbrains.kotlin.com.intellij.openapi.diagnostic.Logger                     : loaded 2 times (x 99B)
Class com.amazon.ion.impl.bin._Private_IonRawWriter                                   : loaded 2 times (x 70B)
Class com.google.common.io.CharStreams$NullWriter                                     : loaded 2 times (x 99B)
Class com.google.errorprone.annotations.DoNotMock                                     : loaded 2 times (x 70B)
Class org.objectweb.asm.SymbolTable$Entry                                             : loaded 2 times (x 74B)
Class com.google.gson.internal.JsonReaderInternalAccess                               : loaded 2 times (x 72B)
Class com.amazon.ion.system.IonSystemBuilder$Mutable                                  : loaded 2 times (x 75B)
Class com.amazon.ion.impl.bin.IonManagedBinaryWriter$SymbolResolverBuilder            : loaded 2 times (x 70B)
Class org.jetbrains.kotlin.idea.gradleTooling.KotlinGradleModel                       : loaded 2 times (x 70B)
Class [Lio.opentelemetry.api.trace.TraceFlags;                                        : loaded 2 times (x 69B)
Class [Lio.opentelemetry.context.ContextStorage;                                      : loaded 2 times (x 69B)
Class com.intellij.platform.diagnostic.telemetry.rt.context.TelemetryContext          : loaded 2 times (x 134B)
Class org.jetbrains.plugins.gradle.tooling.serialization.ExternalTestsSerializationService$WriteContext: loaded 2 times (x 72B)
Class org.gradle.api.internal.classpath.DefaultModuleRegistry$DefaultModuleAlias      : loaded 2 times (x 80B)
Class com.android.builder.model.v2.ide.Variant                                        : loaded 2 times (x 70B)
Class org.objectweb.asm.Edge                                                          : loaded 2 times (x 72B)
Class com.amazon.ion.impl.bin.IonRawBinaryWriter$PreallocationMode                    : loaded 2 times (x 82B)
Class com.google.common.base.Suppliers$SupplierOfInstance                             : loaded 2 times (x 79B)
Class com.google.gson.internal.bind.ReflectiveTypeAdapterFactory                      : loaded 2 times (x 75B)
Class com.google.gson.internal.sql.SqlTimestampTypeAdapter                            : loaded 2 times (x 76B)
Class com.amazon.ion.impl.bin.IonManagedBinaryWriter$LocalSymbolTableView             : loaded 2 times (x 119B)
Class com.amazon.ion.impl.bin.IonRawBinaryWriter$ThrowingRunnable                     : loaded 2 times (x 70B)
Class io.opentelemetry.context.ThreadLocalContextStorage                              : loaded 2 times (x 85B)
Class org.gradle.tooling.model.Model                                                  : loaded 2 times (x 70B)
Class com.amazon.ion.util.InputStreamInterceptor                                      : loaded 2 times (x 70B)
Class com.google.common.reflect.TypeToken$1                                           : loaded 2 times (x 110B)
Class com.android.builder.model.v2.ide.SyncIssue                                      : loaded 2 times (x 70B)
Class com.amazon.ion.impl.lite.IonSystemLite                                          : loaded 2 times (x 275B)
Class com.google.common.cache.LocalCache$ComputingValueReference                      : loaded 2 times (x 96B)
Class com.google.gson.internal.sql.SqlDateTypeAdapter$1                               : loaded 2 times (x 75B)
Class com.google.common.collect.ImmutableMap$IteratorBasedImmutableMap                : loaded 2 times (x 126B)
Class com.amazon.ion.UnknownSymbolException                                           : loaded 2 times (x 86B)
Class com.android.ide.gradle.model.composites.BuildMap                                : loaded 2 times (x 70B)
Class kotlin.text.MatchResult$Destructured                                            : loaded 2 times (x 72B)
Class kotlin.Metadata                                                                 : loaded 2 times (x 70B)
Class com.google.common.reflect.TypeToken$2                                           : loaded 2 times (x 110B)
Class com.google.common.collect.AbstractMapBasedMultimap$AsMap$AsMapEntries           : loaded 2 times (x 138B)
Class com.android.builder.model.v2.ide.Library                                        : loaded 2 times (x 70B)
Class com.android.builder.model.v2.ide.ArtifactDependenciesAdjacencyList              : loaded 2 times (x 70B)
Class com.android.builder.model.v2.models.Versions                                    : loaded 2 times (x 70B)
Class com.google.common.cache.LocalCache$Segment                                      : loaded 2 times (x 154B)
Class io.opentelemetry.context.Context                                                : loaded 2 times (x 70B)
Class org.jetbrains.plugins.gradle.model.IntelliJProjectSettings                      : loaded 2 times (x 70B)
Class org.gradle.tooling.internal.adapter.ProtocolToModelAdapter$MethodInvocationCache: loaded 2 times (x 73B)
Class com.android.builder.model.v2.models.ndk.NativeModule                            : loaded 2 times (x 70B)
Class com.google.common.collect.AbstractListMultimap                                  : loaded 2 times (x 172B)
Class [Lorg.objectweb.asm.SymbolTable$Entry;                                          : loaded 2 times (x 69B)
Class com.google.common.collect.ImmutableEnumMap                                      : loaded 2 times (x 126B)
Class com.google.common.cache.CacheLoader                                             : loaded 2 times (x 74B)
Class com.google.gson.internal.bind.ReflectiveTypeAdapterFactory$Adapter              : loaded 2 times (x 77B)
Class com.google.gson.internal.bind.TypeAdapters$10                                   : loaded 2 times (x 75B)
Class com.google.common.collect.ImmutableBiMap                                        : loaded 2 times (x 143B)
Class org.jetbrains.plugins.gradle.model.ExternalDependency                           : loaded 2 times (x 70B)
Class com.intellij.util.containers.IntObjectHashMap                                   : loaded 2 times (x 72B)
Class com.google.common.collect.SortedIterable                                        : loaded 2 times (x 70B)
Class org.gradle.api.internal.classpath.ModuleRegistry                                : loaded 2 times (x 70B)
Class org.gradle.internal.installation.GradleInstallation$1                           : loaded 2 times (x 75B)
Class org.apache.commons.io.output.NullWriter                                         : loaded 2 times (x 99B)
Class com.google.common.base.Splitter$SplittingIterator                               : loaded 2 times (x 84B)
Class com.google.common.collect.ImmutableSet$JdkBackedSetBuilderImpl                  : loaded 2 times (x 76B)
Class com.google.common.collect.ListMultimap                                          : loaded 2 times (x 70B)
Class com.google.common.util.concurrent.internal.InternalFutureFailureAccess          : loaded 2 times (x 72B)
Class com.google.gson.internal.bind.TypeAdapters$11                                   : loaded 2 times (x 75B)
Class [Lcom.google.gson.FieldNamingPolicy;                                            : loaded 2 times (x 69B)
Class com.android.ide.common.repository.AgpVersion$PreviewKind$Companion              : loaded 2 times (x 71B)
Class com.amazon.ion.impl.bin.IonManagedBinaryWriter$SymbolState$1                    : loaded 2 times (x 80B)
Class com.amazon.ion.impl.LocalSymbolTableAsStruct$Factory                            : loaded 2 times (x 79B)
Class [Lcom.amazon.ion.IonType;                                                       : loaded 2 times (x 69B)
Class org.jetbrains.plugins.gradle.model.VersionCatalogsModel                         : loaded 2 times (x 70B)
Class com.intellij.gradle.toolingExtension.impl.model.sourceSetDependencyModel.GradleSourceSetDependencySerialisationService$SourceSetDependencyModelReadContext: loaded 2 times (x 72B)
Class com.intellij.gradle.toolingExtension.impl.model.dependencyModel.DependencyReadContext: loaded 2 times (x 72B)
Class org.gradle.tooling.internal.adapter.ObjectGraphAdapter                          : loaded 2 times (x 70B)
Class com.google.common.collect.ImmutableMultimap$Values                              : loaded 2 times (x 126B)
Class com.android.builder.model.v2.ide.Installation                                   : loaded 2 times (x 70B)
Class com.android.builder.model.v2.models.AndroidDsl                                  : loaded 2 times (x 70B)
Class com.google.common.cache.LocalCache$LocalManualCache$1                           : loaded 2 times (x 75B)
Class com.google.gson.internal.bind.TypeAdapters$12                                   : loaded 2 times (x 75B)
Class [Lcom.google.gson.ToNumberStrategy;                                             : loaded 2 times (x 69B)
Class org.jetbrains.plugins.gradle.model.ProjectImportModelProvider                   : loaded 2 times (x 70B)
Class org.jetbrains.plugins.gradle.model.ExternalSourceSet                            : loaded 2 times (x 70B)
Class com.amazon.ion.impl.bin.IonManagedBinaryWriter$SymbolState$2                    : loaded 2 times (x 80B)
Class com.amazon.ion.IonNull                                                          : loaded 2 times (x 70B)
Class com.intellij.gradle.toolingExtension.impl.model.warmUp.GradleTaskWarmUpRequest  : loaded 2 times (x 70B)
Class com.google.common.collect.ImmutableSortedAsList                                 : loaded 2 times (x 221B)
Class kotlin.text.RegexKt                                                             : loaded 2 times (x 71B)
Class kotlin.coroutines.intrinsics.IntrinsicsKt__IntrinsicsKt                         : loaded 2 times (x 71B)
Class org.apache.commons.io.output.StringBuilderWriter                                : loaded 2 times (x 100B)
Class [Lorg.apache.commons.io.StandardLineSeparator;                                  : loaded 2 times (x 69B)
Class com.android.builder.model.v2.models.ModelBuilderParameter                       : loaded 2 times (x 70B)
Class ijJvmDebugger1_2rhyu9qj30jreknztw4xy6p8l                                        : loaded 2 times (x 171B)
Class com.google.gson.internal.bind.TypeAdapters$13                                   : loaded 2 times (x 75B)
Class kotlin.sequences.SequencesKt___SequencesKt$flatMap$2                            : loaded 2 times (x 129B)
Class com.amazon.ion.impl.bin.IonRawBinaryWriter$ContainerInfo                        : loaded 2 times (x 74B)
Class com.amazon.ion.impl.bin.IonManagedBinaryWriter$SymbolState$3                    : loaded 2 times (x 80B)
Class com.amazon.ion.impl.bin.IonRawBinaryWriter$StreamFlushMode                      : loaded 2 times (x 79B)
Class com.amazon.ion.IonBinaryWriter                                                  : loaded 2 times (x 70B)
Class com.intellij.gradle.toolingExtension.impl.model.sourceSetArtifactIndex.GradleSourceSetArtifactBuildRequest: loaded 2 times (x 70B)
Class com.google.common.collect.Lists$TransformingRandomAccessList                    : loaded 2 times (x 199B)
Class org.gradle.tooling.model.idea.BasicIdeaProject                                  : loaded 2 times (x 70B)
Class org.gradle.api.internal.classpath.DefaultModuleRegistry                         : loaded 2 times (x 84B)
Class kotlin.collections.IndexedValue                                                 : loaded 2 times (x 72B)
Class com.google.common.collect.Ordering                                              : loaded 2 times (x 114B)
Class org.jetbrains.plugins.gradle.tooling.serialization.internal.IdeaProjectSerializationService: loaded 2 times (x 77B)
Class org.jetbrains.kotlin.build.report.metrics.GradleBuildTime$Companion             : loaded 2 times (x 71B)
Class org.jetbrains.kotlin.idea.projectModel.KotlinTaskProperties                     : loaded 2 times (x 70B)
Class com.google.common.util.concurrent.ListenableFuture                              : loaded 2 times (x 70B)
Class com.google.common.cache.ReferenceEntry                                          : loaded 2 times (x 70B)
Class com.google.gson.internal.bind.NumberTypeAdapter$1                               : loaded 2 times (x 76B)
Class com.google.gson.internal.bind.TypeAdapters$1                                    : loaded 2 times (x 75B)
Class com.google.gson.internal.bind.TypeAdapters$14                                   : loaded 2 times (x 75B)
Class com.google.common.base.Converter                                                : loaded 2 times (x 90B)
Class [Lcom.android.ide.common.repository.AgpVersion$PreviewKind;                     : loaded 2 times (x 69B)
Class com.amazon.ion.impl.bin.IonManagedBinaryWriter$SymbolState$4                    : loaded 2 times (x 80B)
Class [Lcom.amazon.ion.util.InputStreamInterceptor;                                   : loaded 2 times (x 69B)
Class org.jetbrains.plugins.gradle.tooling.serialization.internal.IdeaProjectSerializationService$WriteContext$1: loaded 2 times (x 83B)
Class org.jetbrains.plugins.gradle.model.ExternalProject                              : loaded 2 times (x 70B)
Class org.jetbrains.kotlin.com.intellij.openapi.diagnostic.Logger$DefaultFactory      : loaded 2 times (x 74B)
Class [Lcom.google.common.collect.ImmutableMapEntry;                                  : loaded 2 times (x 69B)
Class [Lcom.android.builder.model.v2.ide.CodeShrinker;                                : loaded 2 times (x 69B)
Class com.google.common.collect.AbstractMapBasedMultimap                              : loaded 2 times (x 139B)
Class com.google.gson.internal.bind.ObjectTypeAdapter                                 : loaded 2 times (x 74B)
Class kotlin.text.MatcherMatchResult$groupValues$1                                    : loaded 2 times (x 198B)
Class com.google.common.util.concurrent.AbstractFuture                                : loaded 2 times (x 106B)
Class com.google.common.base.FunctionalEquivalence                                    : loaded 2 times (x 83B)
Class com.google.common.collect.ReverseNaturalOrdering                                : loaded 2 times (x 114B)
Class com.google.gson.internal.sql.SqlTypesSupport$1                                  : loaded 2 times (x 74B)
Class com.google.gson.internal.bind.TypeAdapters$2                                    : loaded 2 times (x 75B)
Class com.google.gson.internal.bind.TypeAdapters$15                                   : loaded 2 times (x 75B)
Class com.amazon.ion.impl.bin.utf8.Pool                                               : loaded 2 times (x 74B)
Class org.jetbrains.plugins.gradle.tooling.serialization.internal.IdeaProjectSerializationService$WriteContext$2: loaded 2 times (x 83B)
Class kotlin.LazyKt__LazyJVMKt                                                        : loaded 2 times (x 71B)
Class com.google.common.io.CharStreams                                                : loaded 2 times (x 71B)
Class com.google.common.reflect.TypeResolver$TypeTable                                : loaded 2 times (x 73B)
Class com.google.common.collect.ImmutableMultiset                                     : loaded 2 times (x 163B)
Class org.objectweb.asm.RecordComponentVisitor                                        : loaded 2 times (x 77B)
Class com.google.common.cache.CacheLoader$SupplierToCacheLoader                       : loaded 2 times (x 75B)
Class com.google.gson.internal.sql.SqlTypesSupport$2                                  : loaded 2 times (x 74B)
Class com.google.gson.internal.bind.TypeAdapters$16                                   : loaded 2 times (x 75B)
Class com.google.gson.internal.bind.TypeAdapters$3                                    : loaded 2 times (x 75B)
Class com.amazon.ion.impl._Private_IonSymbol                                          : loaded 2 times (x 70B)
Class com.amazon.ion.impl.lite.IonValueLite                                           : loaded 2 times (x 148B)
Class com.amazon.ion.IonContainer                                                     : loaded 2 times (x 70B)
Class com.amazon.ion.impl.bin.PooledBlockAllocatorProvider                            : loaded 2 times (x 73B)
Class [Lio.opentelemetry.context.Scope;                                               : loaded 2 times (x 69B)
Class org.jetbrains.plugins.gradle.tooling.serialization.AnnotationProcessingModelSerializationService$ReadContext: loaded 2 times (x 72B)
Class org.jetbrains.plugins.gradle.tooling.serialization.internal.IdeaProjectSerializationService$WriteContext$3: loaded 2 times (x 83B)
Class gnu.trove.TObjectHash$NULL                                                      : loaded 2 times (x 71B)
Class org.gradle.util.internal.DefaultGradleVersion$Stage                             : loaded 2 times (x 75B)
Class kotlin.coroutines.jvm.internal.RestrictedContinuationImpl                       : loaded 2 times (x 87B)
Class org.gradle.tooling.model.GradleProject                                          : loaded 2 times (x 70B)
Class io.opentelemetry.context.Scope                                                  : loaded 2 times (x 70B)
Class com.amazon.ion.impl.bin.IonManagedBinaryWriter$ImportedSymbolResolverMode$2     : loaded 2 times (x 80B)
Class com.google.common.reflect.TypeResolver$TypeTable$1                              : loaded 2 times (x 73B)
Class com.google.gson.internal.bind.TypeAdapters$17                                   : loaded 2 times (x 75B)
Class com.google.gson.internal.bind.TypeAdapters$4                                    : loaded 2 times (x 75B)
Class com.google.common.collect.Maps$EntryTransformer                                 : loaded 2 times (x 70B)
Class org.jetbrains.kotlin.idea.gradleTooling.AndroidAwareGradleModelProvider         : loaded 2 times (x 79B)
Class com.intellij.gradle.toolingExtension.impl.telemetry.GradleOpenTelemetry         : loaded 2 times (x 72B)
Class org.jetbrains.plugins.gradle.tooling.serialization.internal.IdeaProjectSerializationService$WriteContext$4: loaded 2 times (x 83B)
Class com.intellij.gradle.toolingExtension.impl.model.sourceSetDependencyModel.GradleSourceSetDependencySerialisationService$Companion: loaded 2 times (x 71B)
Class [Lkotlin.Pair;                                                                  : loaded 2 times (x 69B)
Class com.google.common.collect.UsingToStringOrdering                                 : loaded 2 times (x 114B)
Class kotlin.text.MatchNamedGroupCollection                                           : loaded 2 times (x 70B)
Class kotlin.jvm.internal.markers.KMutableList                                        : loaded 2 times (x 70B)
Class org.gradle.internal.time.MonotonicClock                                         : loaded 2 times (x 77B)
Class org.gradle.internal.service.ServiceLookupException                              : loaded 2 times (x 82B)
Class org.jetbrains.kotlin.com.intellij.openapi.diagnostic.LogLevel                   : loaded 2 times (x 79B)
Class com.google.gson.annotations.JsonAdapter                                         : loaded 2 times (x 70B)
Class com.google.common.collect.Lists$ReverseList                                     : loaded 2 times (x 200B)
Class [Lcom.google.common.cache.LocalCache$EntryFactory;                              : loaded 2 times (x 69B)
Class com.google.gson.internal.bind.SerializationDelegatingTypeAdapter                : loaded 2 times (x 74B)
Class com.google.gson.internal.bind.TypeAdapters$18                                   : loaded 2 times (x 75B)
Class com.google.gson.internal.bind.TypeAdapters$5                                    : loaded 2 times (x 75B)
Class com.amazon.ion.BufferConfiguration$Builder                                      : loaded 2 times (x 78B)
Class com.intellij.gradle.toolingExtension.util.GradleVersionSpecificsUtil            : loaded 2 times (x 71B)
Class io.opentelemetry.context.ContextStorage                                         : loaded 2 times (x 70B)
Class org.jetbrains.plugins.gradle.tooling.serialization.internal.IdeaProjectSerializationService$WriteContext$5: loaded 2 times (x 83B)
Class com.intellij.gradle.toolingExtension.impl.model.sourceSetDependencyModel.GradleSourceSetDependencySerialisationService$SourceSetDependencyModelWriteContext: loaded 2 times (x 72B)
Class kotlin.sequences.SequencesKt___SequencesKt$sortedWith$1                         : loaded 2 times (x 75B)
Class com.google.gson.internal.bind.TypeAdapters$32                                   : loaded 2 times (x 76B)
Class org.gradle.internal.classloader.ClassLoaderFactory                              : loaded 2 times (x 70B)
Class com.google.common.collect.ImmutableMap$SerializedForm                           : loaded 2 times (x 73B)
Class org.apache.commons.io.CloseableURLConnection                                    : loaded 2 times (x 116B)
Class com.android.builder.model.v2.ide.LibraryInfo                                    : loaded 2 times (x 70B)
Class com.google.common.base.CommonPattern                                            : loaded 2 times (x 74B)
Class com.google.common.base.CharMatcher$None                                         : loaded 2 times (x 112B)
Class com.google.common.cache.LocalCache$LocalManualCache                             : loaded 2 times (x 99B)
Class com.google.gson.internal.bind.ReflectiveTypeAdapterFactory$FieldReflectionAdapter: loaded 2 times (x 77B)
Class com.google.gson.internal.bind.TypeAdapters$19                                   : loaded 2 times (x 75B)
Class com.google.gson.internal.bind.TypeAdapters$6                                    : loaded 2 times (x 75B)
Class com.amazon.ion.impl.bin.IntList                                                 : loaded 2 times (x 77B)
Class com.amazon.ion.impl.lite._Private_LiteDomTrampoline                             : loaded 2 times (x 71B)
Class com.amazon.ion.IonType                                                          : loaded 2 times (x 79B)
Class org.jetbrains.plugins.gradle.tooling.serialization.internal.IdeaProjectSerializationService$WriteContext$6: loaded 2 times (x 83B)
Class org.jetbrains.plugins.gradle.tooling.util.IntObjectMap                          : loaded 2 times (x 73B)
Class org.gradle.internal.service.CachingServiceLocator                               : loaded 2 times (x 82B)
Class com.google.common.collect.Streams                                               : loaded 2 times (x 71B)
Class com.google.gson.annotations.SerializedName                                      : loaded 2 times (x 70B)
Class com.google.common.collect.AbstractMapBasedMultimap$KeySet                       : loaded 2 times (x 137B)
Class com.google.common.math.IntMath                                                  : loaded 2 times (x 71B)
Class com.google.gson.internal.bind.TypeAdapters$7                                    : loaded 2 times (x 75B)
Class com.amazon.ion.impl.lite.ValueFactoryLite                                       : loaded 2 times (x 218B)
Class org.jetbrains.plugins.gradle.model.RepositoryModels                             : loaded 2 times (x 70B)
Class org.jetbrains.plugins.gradle.tooling.serialization.internal.IdeaProjectSerializationService$WriteContext$7: loaded 2 times (x 83B)
Class com.google.common.collect.RegularImmutableSortedSet                             : loaded 2 times (x 300B)
Class kotlin.collections.AbstractList$SubList                                         : loaded 2 times (x 198B)
Class kotlin.jvm.internal.CallableReference                                           : loaded 2 times (x 110B)
Class org.jetbrains.kotlin.build.report.metrics.BuildTime                             : loaded 2 times (x 70B)
Class com.google.common.collect.MapMakerInternalMap$InternalEntry                     : loaded 2 times (x 70B)
Class com.google.common.reflect.Types$TypeVariableInvocationHandler                   : loaded 2 times (x 75B)
Class com.google.gson.internal.bind.CollectionTypeAdapterFactory$Adapter              : loaded 2 times (x 74B)
Class com.google.gson.internal.bind.TypeAdapters$8                                    : loaded 2 times (x 75B)
Class com.google.common.collect.ImmutableMapEntry                                     : loaded 2 times (x 85B)
Class com.amazon.ion.impl.bin.WriteBuffer                                             : loaded 2 times (x 78B)
Class com.amazon.ion.impl.bin.IonManagedBinaryWriter                                  : loaded 2 times (x 165B)
Class org.jetbrains.plugins.gradle.tooling.serialization.internal.IdeaProjectSerializationService$WriteContext$8: loaded 2 times (x 83B)
Class gnu.trove.TObjectIntProcedure                                                   : loaded 2 times (x 70B)
Class [Lorg.gradle.api.JavaVersion;                                                   : loaded 2 times (x 69B)
Class kotlin.ranges.IntRange                                                          : loaded 2 times (x 93B)
Class org.gradle.tooling.model.idea.IdeaDependencyScope                               : loaded 2 times (x 70B)
Class org.gradle.internal.time.TimeSource                                             : loaded 2 times (x 70B)
Class org.gradle.tooling.model.kotlin.dsl.KotlinDslScriptsModel                       : loaded 2 times (x 70B)
Class org.apache.commons.io.file.PathUtils                                            : loaded 2 times (x 71B)
Class org.jetbrains.kotlin.build.report.metrics.DoNothingBuildMetricsReporter         : loaded 2 times (x 86B)
Class com.google.common.collect.ImmutableMultimap                                     : loaded 2 times (x 147B)
Class com.android.builder.model.v2.ide.TestInfo                                       : loaded 2 times (x 70B)
Class com.google.common.base.Equivalence                                              : loaded 2 times (x 82B)
Class com.google.gson.internal.bind.TypeAdapters$9                                    : loaded 2 times (x 75B)
Class org.apache.http.client.methods.HttpUriRequest                                   : loaded 2 times (x 70B)
Class com.google.common.collect.ImmutableMapEntry$NonTerminalImmutableMapEntry        : loaded 2 times (x 85B)
Class com.amazon.ion.impl.lite.IonBlobLite                                            : loaded 2 times (x 220B)
Class com.amazon.ion.impl.LocalSymbolTable                                            : loaded 2 times (x 127B)
Class org.jetbrains.plugins.gradle.tooling.serialization.SerializationService         : loaded 2 times (x 70B)
Class org.gradle.tooling.internal.gradle.GradleBuildIdentity                          : loaded 2 times (x 70B)
Class org.apache.commons.io.output.AbstractByteArrayOutputStream                      : loaded 2 times (x 102B)
Class com.android.builder.model.v2.ide.JavaCompileOptions                             : loaded 2 times (x 70B)
Class com.google.common.collect.IndexedImmutableSet$1                                 : loaded 2 times (x 213B)
Class org.gradle.internal.classloader.DefaultClassLoaderFactory                       : loaded 2 times (x 82B)
Class com.google.common.cache.CacheBuilder$OneWeigher                                 : loaded 2 times (x 82B)
Class com.google.gson.JsonParseException                                              : loaded 2 times (x 82B)
Class com.amazon.ion.IonList                                                          : loaded 2 times (x 70B)
Class org.jetbrains.plugins.gradle.tooling.serialization.internal.adapter.Supplier    : loaded 2 times (x 70B)
Class org.gradle.tooling.internal.adapter.ProtocolToModelAdapter$MixInMappingAction   : loaded 2 times (x 80B)
Class org.gradle.internal.exceptions.ResolutionProvider                               : loaded 2 times (x 70B)
Class org.jetbrains.kotlin.com.intellij.openapi.diagnostic.Logger$Factory             : loaded 2 times (x 70B)
Class com.google.common.reflect.Types$ClassOwnership$1LocalClass                      : loaded 2 times (x 71B)
Class com.amazon.ion.IonSystem                                                        : loaded 2 times (x 70B)
Class com.amazon.ion.impl.bin.IonManagedBinaryWriter$ImportedSymbolContext            : loaded 2 times (x 72B)
Class sync_studio_tooling1_doo7293zv5kmyozu5ddu3ojqd$_run_closure1                    : loaded 2 times (x 139B)
Class kotlin.text.MatchResult$DefaultImpls                                            : loaded 2 times (x 71B)
Class org.gradle.tooling.model.idea.IdeaCompilerOutput                                : loaded 2 times (x 70B)
Class org.gradle.tooling.model.ProjectIdentifier                                      : loaded 2 times (x 70B)
Class org.gradle.internal.classloader.ClasspathUtil                                   : loaded 2 times (x 71B)
Class com.intellij.util.containers.IntObjectHashMap$ArrayProducer                     : loaded 2 times (x 70B)
Class org.apache.http.HttpResponse                                                    : loaded 2 times (x 70B)
Class com.android.builder.model.v2.ide.ComponentInfo                                  : loaded 2 times (x 70B)
Class org.jetbrains.kotlin.tooling.core.HasExtras                                     : loaded 2 times (x 70B)
Class com.google.common.util.concurrent.Uninterruptibles                              : loaded 2 times (x 71B)
Class com.android.builder.model.v2.ide.ProjectType                                    : loaded 2 times (x 79B)
Class com.intellij.gradle.toolingExtension.impl.model.sourceSetModel.GradleSourceSetSerialisationService: loaded 2 times (x 77B)
Class com.google.common.collect.AbstractMapBasedMultimap$WrappedSet                   : loaded 2 times (x 142B)
Class com.android.builder.model.v2.dsl.BaseConfig                                     : loaded 2 times (x 70B)
Class com.google.common.util.concurrent.LazyLogger                                    : loaded 2 times (x 72B)
Class com.google.common.collect.Maps                                                  : loaded 2 times (x 71B)
Class com.amazon.ion.impl.lite.IonIntLite                                             : loaded 2 times (x 190B)
Class com.amazon.ion.impl._Private_IonReaderBuilder$TwoElementInputStream             : loaded 2 times (x 92B)
Class com.amazon.ion.util._Private_FastAppendable                                     : loaded 2 times (x 70B)
Class [Lcom.amazon.ion.impl.bin.IonRawBinaryWriter$PreallocationMode;                 : loaded 2 times (x 69B)
Class io.opentelemetry.context.propagation.TextMapGetter                              : loaded 2 times (x 70B)
Class org.gradle.internal.time.TimeSource$1                                           : loaded 2 times (x 77B)
Class kotlin.jvm.internal.DefaultConstructorMarker                                    : loaded 2 times (x 71B)
Class org.gradle.api.specs.Spec                                                       : loaded 2 times (x 70B)
Class com.google.common.collect.MapMaker                                              : loaded 2 times (x 72B)
Class org.apache.commons.io.file.PathFilter                                           : loaded 2 times (x 70B)
Class com.google.common.reflect.Types$JavaVersion                                     : loaded 2 times (x 83B)
Class com.google.gson.internal.sql.SqlDateTypeAdapter                                 : loaded 2 times (x 74B)
Class [Lcom.google.common.collect.ImmutableEntry;                                     : loaded 2 times (x 69B)
Class com.amazon.ion.impl.lite.IonSexpLite                                            : loaded 2 times (x 491B)
Class com.amazon.ion.impl.lite.IonListLite                                            : loaded 2 times (x 491B)
Class com.amazon.ion.IonFloat                                                         : loaded 2 times (x 70B)
Class io.opentelemetry.context.ThreadLocalContextStorage$ScopeImpl                    : loaded 2 times (x 79B)
Class ijKotlinCoroutineJvmDebugInit1_2zq7ajqx8qwxvmaf8qstcgjjd                        : loaded 2 times (x 171B)
Class com.google.common.cache.LocalCache$LoadingValueReference                        : loaded 2 times (x 96B)
Class com.amazon.ion.impl.LocalSymbolTable$Factory                                    : loaded 2 times (x 77B)
Class com.amazon.ion.impl.bin.IonManagedBinaryWriter$ImportedSymbolResolverMode       : loaded 2 times (x 80B)
Class com.intellij.gradle.toolingExtension.impl.model.buildScriptClasspathModel.GradleBuildScriptClasspathSerializationService: loaded 2 times (x 77B)
Class kotlin.SynchronizedLazyImpl                                                     : loaded 2 times (x 76B)
Class io.opentelemetry.api.GlobalOpenTelemetry                                        : loaded 2 times (x 71B)
Class com.google.common.io.LineReader$1                                               : loaded 2 times (x 75B)
Class com.google.common.collect.MapMakerInternalMap$StrongKeyDummyValueEntry          : loaded 2 times (x 82B)
Class com.google.common.collect.CollectSpliterators                                   : loaded 2 times (x 71B)
Class com.google.common.reflect.Invokable$MethodInvokable                             : loaded 2 times (x 107B)
Class com.google.common.collect.AbstractMapBasedMultimap$AsMap                        : loaded 2 times (x 128B)
Class com.google.common.base.Platform                                                 : loaded 2 times (x 71B)
Class com.google.gson.internal.bind.ReflectiveTypeAdapterFactory$RecordAdapter        : loaded 2 times (x 77B)
Class com.amazon.ion.impl.LocalSymbolTableAsStruct                                    : loaded 2 times (x 132B)
Class com.amazon.ion.impl.lite.IonTimestampLite                                       : loaded 2 times (x 193B)
Class org.jetbrains.plugins.gradle.model.FileCollectionDependency                     : loaded 2 times (x 70B)
Class io.opentelemetry.api.trace.SpanBuilder                                          : loaded 2 times (x 70B)
Class io.opentelemetry.api.DefaultOpenTelemetry                                       : loaded 2 times (x 89B)
Class com.intellij.gradle.toolingExtension.impl.model.utilDummyModel.DummyModel       : loaded 2 times (x 70B)
Class kotlin.collections.EmptyIterator                                                : loaded 2 times (x 89B)
Class org.gradle.internal.time.Clock                                                  : loaded 2 times (x 70B)
Class org.gradle.tooling.model.BuildModel                                             : loaded 2 times (x 70B)
Class com.amazon.ion.impl.bin.IonManagedBinaryWriter$ImportedSymbolResolverMode$1     : loaded 2 times (x 80B)
Class com.amazon.ion.impl.lite.IonSymbolLite                                          : loaded 2 times (x 247B)
Class [Lcom.amazon.ion.impl.bin.IonRawBinaryWriter$StreamCloseMode;                   : loaded 2 times (x 69B)
Class com.google.common.collect.AbstractMapBasedMultimap$WrappedList                  : loaded 2 times (x 205B)
Class com.android.builder.model.v2.dsl.ProductFlavor                                  : loaded 2 times (x 70B)
Class [Lcom.android.builder.model.v2.ide.TestInfo$Execution;                          : loaded 2 times (x 69B)
Class com.google.gson.internal.reflect.ReflectionHelper$RecordNotSupportedHelper      : loaded 2 times (x 78B)
Class [Lorg.objectweb.asm.AnnotationWriter;                                           : loaded 2 times (x 69B)
Class com.google.gson.JsonIOException                                                 : loaded 2 times (x 82B)
Class com.google.common.collect.Maps$8                                                : loaded 2 times (x 82B)
Class com.amazon.ion.IonString                                                        : loaded 2 times (x 70B)
Class io.opentelemetry.context.propagation.TextMapPropagator                          : loaded 2 times (x 70B)
Class org.jetbrains.plugins.gradle.model.GradleSourceSetDependencyModel               : loaded 2 times (x 70B)
Class kotlin.io.FilePathComponents                                                    : loaded 2 times (x 72B)
Class com.google.common.collect.CompoundOrdering                                      : loaded 2 times (x 115B)
Class kotlin.coroutines.jvm.internal.RestrictedSuspendLambda                          : loaded 2 times (x 91B)
Class org.gradle.tooling.internal.adapter.TypeInspector                               : loaded 2 times (x 73B)
Class org.gradle.tooling.internal.adapter.ProtocolToModelAdapter$NoOpDecoration       : loaded 2 times (x 79B)
Class org.gradle.tooling.model.Element                                                : loaded 2 times (x 70B)
Class kotlin.collections.ArrayAsCollection                                            : loaded 2 times (x 105B)
Class kotlin.LazyKt__LazyKt                                                           : loaded 2 times (x 71B)
Class org.jetbrains.kotlin.idea.gradleTooling.AndroidAwareGradleModelProvider$Companion: loaded 2 times (x 71B)
Class [Lcom.google.common.collect.Iterators$EmptyModifiableIterator;                  : loaded 2 times (x 69B)
Class com.google.common.collect.Lists$ReverseList$1                                   : loaded 2 times (x 99B)
Class com.google.common.collect.Sets$SetView                                          : loaded 2 times (x 139B)
Class org.jetbrains.kotlin.tooling.core.Extras                                        : loaded 2 times (x 70B)
Class com.google.common.cache.LocalCache$StrongValueReference                         : loaded 2 times (x 90B)
Class com.amazon.ion.BufferConfiguration                                              : loaded 2 times (x 72B)
Class com.amazon.ion.system.SimpleCatalog                                             : loaded 2 times (x 91B)
Class io.opentelemetry.context.ArrayBasedContext                                      : loaded 2 times (x 100B)
Class com.intellij.gradle.toolingExtension.impl.model.taskModel.GradleTaskSerialisationService: loaded 2 times (x 76B)
Class com.android.ide.gradle.model.LegacyV1AgpVersionModel                            : loaded 2 times (x 70B)
Class com.google.common.collect.ImmutableRangeSet$Builder                             : loaded 2 times (x 77B)
Class kotlin.text.Regex                                                               : loaded 2 times (x 72B)
Class kotlin.sequences.SequencesKt__SequenceBuilderKt$sequence$$inlined$Sequence$1    : loaded 2 times (x 75B)
Class kotlin.Triple                                                                   : loaded 2 times (x 72B)
Class kotlin.UNINITIALIZED_VALUE                                                      : loaded 2 times (x 71B)
Class com.google.common.graph.SuccessorsFunction                                      : loaded 2 times (x 70B)
Class [Lcom.google.gson.stream.JsonToken;                                             : loaded 2 times (x 69B)
Class org.objectweb.asm.Type                                                          : loaded 2 times (x 72B)
Class com.google.gson.LongSerializationPolicy$1                                       : loaded 2 times (x 80B)
Class org.jetbrains.plugins.gradle.tooling.util.IntObjectMap$1                        : loaded 2 times (x 77B)
Class org.gradle.tooling.model.internal.ImmutableDomainObjectSet                      : loaded 2 times (x 155B)
Class org.gradle.internal.classloader.VisitableURLClassLoader$InstrumentingVisitableURLClassLoader: loaded 2 times (x 123B)
Class com.google.gson.JsonSyntaxException                                             : loaded 2 times (x 82B)
Class com.google.gson.internal.bind.TypeAdapters$31                                   : loaded 2 times (x 76B)
Class com.google.gson.internal.bind.JsonAdapterAnnotationTypeAdapterFactory$DummyTypeAdapterFactory: loaded 2 times (x 75B)
Class com.google.common.base.Suppliers                                                : loaded 2 times (x 71B)
Class ijJvmDebugger1_2rhyu9qj30jreknztw4xy6p8l$_run_closure1                          : loaded 2 times (x 139B)
Class com.google.common.collect.MapMakerInternalMap$StrongKeyDummyValueEntry$Helper   : loaded 2 times (x 79B)
Class org.apache.commons.io.FileUtils                                                 : loaded 2 times (x 71B)
Class com.google.common.io.Files$FileByteSink                                         : loaded 2 times (x 77B)
Class com.android.builder.model.v2.ide.AndroidGradlePluginProjectFlags                : loaded 2 times (x 70B)
Class [Lcom.android.builder.model.v2.ide.AndroidGradlePluginProjectFlags$BooleanFlag; : loaded 2 times (x 69B)
Class com.android.builder.model.v2.ide.BasicVariant                                   : loaded 2 times (x 70B)
Class com.google.common.math.IntMath$1                                                : loaded 2 times (x 71B)
Class org.objectweb.asm.ByteVector                                                    : loaded 2 times (x 79B)
Class [Lcom.google.common.cache.CacheBuilder$NullListener;                            : loaded 2 times (x 69B)
Class com.google.gson.LongSerializationPolicy$2                                       : loaded 2 times (x 80B)
Class [Lcom.amazon.ion.impl.bin.IonRawBinaryWriter$StreamFlushMode;                   : loaded 2 times (x 69B)
Class com.amazon.ion.UnsupportedIonVersionException                                   : loaded 2 times (x 85B)
Class io.opentelemetry.api.trace.SpanId                                               : loaded 2 times (x 71B)
Class kotlin.coroutines.Continuation                                                  : loaded 2 times (x 70B)
Class org.gradle.internal.classloader.VisitableURLClassLoader$Spec                    : loaded 2 times (x 74B)
Class org.gradle.internal.classpath.DefaultClassPath                                  : loaded 2 times (x 90B)
Class [Lcom.google.common.cache.CacheBuilder$OneWeigher;                              : loaded 2 times (x 69B)
Class org.objectweb.asm.MethodTooLargeException                                       : loaded 2 times (x 83B)
Class com.google.common.base.Platform$JdkPatternCompiler                              : loaded 2 times (x 75B)
Class [Lorg.jetbrains.kotlin.build.report.metrics.GradleBuildTime;                    : loaded 2 times (x 69B)
Class com.google.common.reflect.Types$ClassOwnership                                  : loaded 2 times (x 80B)
Class com.google.common.base.AbstractIterator                                         : loaded 2 times (x 80B)
Class com.android.builder.model.v2.ide.BundleInfo                                     : loaded 2 times (x 70B)
Class com.android.builder.model.v2.ide.SourceProvider                                 : loaded 2 times (x 70B)
Class org.objectweb.asm.Symbol                                                        : loaded 2 times (x 73B)
Class com.amazon.ion.impl.bin.IonManagedBinaryWriter$SymbolState                      : loaded 2 times (x 80B)
Class com.amazon.ion.IonStruct                                                        : loaded 2 times (x 70B)
Class org.jetbrains.plugins.gradle.model.GradleBuildScriptClasspathModel              : loaded 2 times (x 70B)
Class kotlin.text.CharsKt__CharJVMKt                                                  : loaded 2 times (x 71B)
Class kotlin.coroutines.jvm.internal.BaseContinuationImpl                             : loaded 2 times (x 87B)
Class kotlin.Result$Companion                                                         : loaded 2 times (x 71B)
Class org.gradle.util.internal.DefaultGradleVersion                                   : loaded 2 times (x 82B)
Class com.google.common.io.Java8Compatibility                                         : loaded 2 times (x 71B)
Class com.google.common.io.Closer                                                     : loaded 2 times (x 78B)
Class com.google.common.collect.MapMakerInternalMap$Strength                          : loaded 2 times (x 80B)
Class com.google.common.collect.MapMakerInternalMap$StrongKeyDummyValueEntry$LinkedStrongKeyDummyValueEntry: loaded 2 times (x 82B)
Class com.google.gson.reflect.TypeToken                                               : loaded 2 times (x 75B)
Class org.gradle.internal.operations.MultipleBuildOperationFailures                   : loaded 2 times (x 95B)
Class com.google.common.collect.RegularImmutableMap$Values                            : loaded 2 times (x 207B)
Class [Lio.opentelemetry.context.ThreadLocalContextStorage;                           : loaded 2 times (x 69B)
Class org.gradle.internal.classloader.ClassLoaderSpec                                 : loaded 2 times (x 71B)
Class org.gradle.tooling.internal.adapter.MethodInvocation                            : loaded 2 times (x 85B)
Class org.objectweb.asm.AnnotationWriter                                              : loaded 2 times (x 79B)
Class com.google.common.cache.CacheStats                                              : loaded 2 times (x 71B)
Class com.google.gson.internal.sql.SqlTimestampTypeAdapter$1                          : loaded 2 times (x 75B)
Class com.google.gson.JsonPrimitive                                                   : loaded 2 times (x 93B)
Class com.amazon.ion.impl.IonWriterSystemTextMarkup                                   : loaded 2 times (x 192B)
Class com.amazon.ion.impl.bin.BlockAllocator                                          : loaded 2 times (x 80B)
Class kotlin.jvm.internal.FunctionReferenceImpl                                       : loaded 2 times (x 126B)
Class kotlin.sequences.TransformingSequence                                           : loaded 2 times (x 75B)
Class io.opentelemetry.api.internal.OtelEncodingUtils                                 : loaded 2 times (x 71B)
Class com.intellij.util.ThrowableConsumer                                             : loaded 2 times (x 70B)
Class com.google.common.collect.Interners                                             : loaded 2 times (x 71B)
Class com.google.common.io.Closer$Suppressor                                          : loaded 2 times (x 70B)
Class com.google.common.collect.ImmutableMultisetGwtSerializationDependencies         : loaded 2 times (x 125B)
Class com.google.common.io.LineProcessor                                              : loaded 2 times (x 70B)
Class [Lcom.google.gson.ReflectionAccessFilter$FilterResult;                          : loaded 2 times (x 69B)
Class org.objectweb.asm.RecordComponentWriter                                         : loaded 2 times (x 78B)
Class [Lcom.android.builder.model.v2.ide.ProjectType;                                 : loaded 2 times (x 69B)
Class com.google.common.util.concurrent.AbstractFuture$Listener                       : loaded 2 times (x 72B)
Class com.google.gson.TypeAdapterFactory                                              : loaded 2 times (x 70B)
Class com.google.gson.JsonElement                                                     : loaded 2 times (x 92B)
Class Settings_gradle$1$1                                                             : loaded 2 times (x 74B)
Class com.amazon.ion.system.IonWriterBuilderBase                                      : loaded 2 times (x 83B)
Class io.opentelemetry.api.trace.Tracer                                               : loaded 2 times (x 70B)
Class kotlin.jvm.internal.markers.KMutableIterable                                    : loaded 2 times (x 70B)
Class org.gradle.tooling.internal.adapter.ProtocolToModelAdapter$DefaultViewBuilder   : loaded 2 times (x 80B)
Class org.gradle.api.internal.classpath.Module$ModuleAlias                            : loaded 2 times (x 70B)
Class com.google.gson.internal.bind.JsonTreeReader                                    : loaded 2 times (x 98B)
Class [Lcom.android.builder.model.v2.ide.AaptOptions$Namespacing;                     : loaded 2 times (x 69B)
Class org.objectweb.asm.Attribute                                                     : loaded 2 times (x 77B)
Class com.android.ide.common.gradle.Version$Companion$ParseState                      : loaded 2 times (x 70B)
Class com.google.common.base.Supplier                                                 : loaded 2 times (x 70B)
Class com.google.gson.internal.bind.CollectionTypeAdapterFactory                      : loaded 2 times (x 75B)
Class io.opentelemetry.api.trace.ArrayBasedTraceState                                 : loaded 2 times (x 86B)
Class io.opentelemetry.context.ContextKey                                             : loaded 2 times (x 70B)
Class io.opentelemetry.context.propagation.TextMapSetter                              : loaded 2 times (x 70B)
Class org.gradle.tooling.internal.adapter.ProtocolToModelAdapter$ViewGraphDetails$1   : loaded 2 times (x 77B)
Class org.gradle.internal.classloader.VisitableURLClassLoader                         : loaded 2 times (x 117B)
Class com.google.gson.internal.bind.TypeAdapters$30                                   : loaded 2 times (x 76B)
Class org.objectweb.asm.ClassVisitor                                                  : loaded 2 times (x 88B)
Class com.android.ide.common.repository.AgpVersion$Companion                          : loaded 2 times (x 71B)
Class Settings_gradle                                                                 : loaded 2 times (x 124B)
Class [Lcom.amazon.ion.SymbolTable;                                                   : loaded 2 times (x 69B)
Class com.amazon.ion.impl.bin.IonBinaryWriterAdapter$Factory                          : loaded 2 times (x 70B)
Class com.amazon.ion.impl.BlockedBuffer$BufferedOutputStream                          : loaded 2 times (x 90B)
Class org.jetbrains.plugins.gradle.tooling.serialization.ExternalTestsSerializationService$ReadContext: loaded 2 times (x 72B)
Class kotlin.sequences.FlatteningSequence$iterator$1                                  : loaded 2 times (x 79B)
Class [Lorg.objectweb.asm.Symbol;                                                     : loaded 2 times (x 69B)
Class com.android.utils.FileUtils                                                     : loaded 2 times (x 71B)
Class org.gradle.tooling.model.eclipse.EclipseProject                                 : loaded 2 times (x 70B)
Class org.gradle.tooling.model.idea.IdeaDependency                                    : loaded 2 times (x 70B)
Class com.android.builder.model.v2.ide.AaptOptions$Namespacing                        : loaded 2 times (x 79B)
Class com.google.common.collect.MapMakerInternalMap                                   : loaded 2 times (x 161B)
Class com.android.builder.model.v2.ide.AaptOptions                                    : loaded 2 times (x 70B)
Class [Lcom.android.builder.model.v2.ide.BytecodeTransformation;                      : loaded 2 times (x 69B)
Class com.google.common.base.Strings                                                  : loaded 2 times (x 71B)
Class com.google.common.collect.Sets                                                  : loaded 2 times (x 71B)
Class org.objectweb.asm.Handler                                                       : loaded 2 times (x 72B)
Class com.android.ide.common.gradle.Version$Companion                                 : loaded 2 times (x 71B)
Class com.google.common.reflect.TypeCapture                                           : loaded 2 times (x 71B)
Class com.google.common.base.Ticker                                                   : loaded 2 times (x 72B)
Class com.google.gson.internal.bind.TreeTypeAdapter                                   : loaded 2 times (x 75B)
Class com.google.gson.internal.sql.SqlTimeTypeAdapter                                 : loaded 2 times (x 74B)
Class com.amazon.ion.impl.bin.AbstractIonWriter$WriteValueOptimization                : loaded 2 times (x 79B)
Class kotlin.collections.AbstractMutableList                                          : loaded 2 times (x 206B)
Class com.google.common.collect.TransformedListIterator                               : loaded 2 times (x 93B)
Class ijKotlinCoroutineJvmDebugInit1_2zq7ajqx8qwxvmaf8qstcgjjd$_run_closure1          : loaded 2 times (x 139B)
Class com.android.builder.model.v2.models.ndk.NativeModelBuilderParameter             : loaded 2 times (x 70B)
Class [Lcom.google.common.cache.LocalCache$Segment;                                   : loaded 2 times (x 69B)
Class org.gradle.tooling.internal.adapter.TargetTypeProvider                          : loaded 2 times (x 70B)
Class [Lcom.google.common.cache.LocalCache$Strength;                                  : loaded 2 times (x 69B)
Class com.google.common.cache.CacheBuilder$1                                          : loaded 2 times (x 85B)
Class com.google.gson.internal.bind.TypeAdapters$20                                   : loaded 2 times (x 75B)
Class com.google.common.collect.ImmutableMap                                          : loaded 2 times (x 120B)
Class com.amazon.ion.impl.bin.BlockAllocatorProvider                                  : loaded 2 times (x 72B)
Class io.opentelemetry.api.trace.ArrayBasedTraceStateBuilder                          : loaded 2 times (x 77B)
Class org.jetbrains.plugins.gradle.tooling.serialization.internal.IdeaProjectSerializationService$WriteContext: loaded 2 times (x 72B)
Class com.intellij.gradle.toolingExtension.impl.model.sourceSetDependencyModel.GradleSourceSetDependencySerialisationService: loaded 2 times (x 77B)
Class org.jetbrains.plugins.gradle.model.GradleSourceSetModel                         : loaded 2 times (x 70B)
Class kotlin.KotlinNothingValueException                                              : loaded 2 times (x 82B)
Class org.gradle.internal.classpath.DefaultClassPath$ImmutableUniqueList$Builder      : loaded 2 times (x 75B)
Class kotlin.jvm.functions.Function3                                                  : loaded 2 times (x 70B)
Class kotlin.ranges.IntProgression$Companion                                          : loaded 2 times (x 71B)
Class com.google.common.collect.MapMakerInternalMap$WeakValueReference                : loaded 2 times (x 70B)
Class com.google.gson.stream.JsonToken                                                : loaded 2 times (x 79B)
Class org.jetbrains.plugins.gradle.model.GradleExtensions                             : loaded 2 times (x 70B)
Class com.google.common.cache.LocalCache                                              : loaded 2 times (x 187B)
Class com.google.common.cache.CacheBuilder$2                                          : loaded 2 times (x 79B)
Class com.google.gson.internal.bind.TypeAdapters$21                                   : loaded 2 times (x 75B)
Class com.google.gson.FieldNamingPolicy$1                                             : loaded 2 times (x 83B)
Class com.amazon.ion.impl.lite.IonSequenceLite                                        : loaded 2 times (x 433B)
Class com.amazon.ion.impl._Private_Utils$1                                            : loaded 2 times (x 98B)
Class com.amazon.ion.impl.SymbolTableAsStruct                                         : loaded 2 times (x 70B)
Class io.opentelemetry.api.trace.TracerProvider                                       : loaded 2 times (x 70B)
Class com.android.ide.gradle.model.dependencies.Coordinates                           : loaded 2 times (x 70B)
Class com.google.common.collect.AbstractRangeSet                                      : loaded 2 times (x 114B)
Class org.gradle.tooling.internal.adapter.WeakIdentityHashMap$AbsentValueProvider     : loaded 2 times (x 70B)
Class org.jetbrains.plugins.gradle.model.AnnotationProcessingModel                    : loaded 2 times (x 70B)
Class io.opentelemetry.context.ContextStorageProvider                                 : loaded 2 times (x 70B)
Class com.google.common.collect.ArrayListMultimap                                     : loaded 2 times (x 172B)
Class com.google.common.cache.CacheBuilder$3                                          : loaded 2 times (x 72B)
Class com.google.gson.internal.bind.TypeAdapters$22                                   : loaded 2 times (x 75B)
Class com.google.gson.FieldNamingPolicy$2                                             : loaded 2 times (x 83B)
Class com.google.gson.internal.Excluder$1                                             : loaded 2 times (x 74B)
Class [Lcom.google.common.collect.AbstractMapEntry;                                   : loaded 2 times (x 69B)
Class com.google.common.collect.ImmutableEntry                                        : loaded 2 times (x 82B)
Class com.amazon.ion.impl.bin.AbstractIonWriter                                       : loaded 2 times (x 160B)
Class io.opentelemetry.api.trace.AutoValue_ArrayBasedTraceState                       : loaded 2 times (x 87B)
Class gnu.trove.TObjectHash                                                           : loaded 2 times (x 94B)
Class org.jetbrains.plugins.gradle.tooling.util.ObjectCollector$Processor             : loaded 2 times (x 70B)
Class kotlin.jvm.functions.Function4                                                  : loaded 2 times (x 70B)
Class kotlin.annotation.Target                                                        : loaded 2 times (x 70B)
Class com.amazon.ion.system.IonBinaryWriterBuilder                                    : loaded 2 times (x 99B)
Class org.gradle.internal.exceptions.NonGradleCauseExceptionsHolder                   : loaded 2 times (x 70B)
Class org.gradle.tooling.model.idea.IdeaModuleDependency                              : loaded 2 times (x 70B)
Class org.gradle.tooling.internal.adapter.ViewBuilder                                 : loaded 2 times (x 70B)
Class com.amazon.ion.impl.bin.IonManagedBinaryWriter$UserState$4                      : loaded 2 times (x 85B)
Class org.apache.commons.io.StandardLineSeparator                                     : loaded 2 times (x 79B)
Class com.google.common.base.Suppliers$MemoizingSupplier                              : loaded 2 times (x 79B)
Class com.android.builder.model.v2.ide.AndroidLibraryData                             : loaded 2 times (x 70B)
Class com.android.builder.model.v2.ide.ApiVersion                                     : loaded 2 times (x 70B)
Class com.android.ide.common.gradle.Version                                           : loaded 2 times (x 75B)
Class com.google.gson.internal.bind.TypeAdapters$23                                   : loaded 2 times (x 75B)
Class com.google.gson.FieldNamingPolicy$3                                             : loaded 2 times (x 83B)
Class com.google.common.collect.CollectPreconditions                                  : loaded 2 times (x 71B)
Class com.amazon.ion.system.IonReaderBuilder                                          : loaded 2 times (x 95B)
Class io.opentelemetry.api.trace.TraceState                                           : loaded 2 times (x 70B)
Class org.jetbrains.plugins.gradle.model.AnnotationProcessingConfig                   : loaded 2 times (x 70B)
Class com.amazon.ion.IonReader                                                        : loaded 2 times (x 70B)
Class gnu.trove.Equality                                                              : loaded 2 times (x 70B)
Class kotlin.reflect.KDeclarationContainer                                            : loaded 2 times (x 70B)
Class kotlin.annotation.Retention                                                     : loaded 2 times (x 70B)
Class org.gradle.tooling.model.eclipse.HierarchicalEclipseProject                     : loaded 2 times (x 70B)
Class org.jetbrains.plugins.gradle.model.UnresolvedExternalDependency                 : loaded 2 times (x 70B)
Class com.google.common.collect.ImmutableMap$MapViewOfValuesAsSingletonSets           : loaded 2 times (x 126B)
Class com.google.common.collect.RegularImmutableMap                                   : loaded 2 times (x 121B)
Class [Lcom.google.common.collect.MapMakerInternalMap$Strength;                       : loaded 2 times (x 69B)
Class [Lcom.google.common.io.FileWriteMode;                                           : loaded 2 times (x 69B)
Class com.android.builder.model.v2.models.Versions$Version                            : loaded 2 times (x 70B)
Class com.google.gson.internal.bind.TypeAdapters$24                                   : loaded 2 times (x 75B)
Class com.google.gson.FieldNamingPolicy$4                                             : loaded 2 times (x 83B)
Class com.google.common.collect.SortedMapDifference                                   : loaded 2 times (x 70B)
Class com.amazon.ion.IonClob                                                          : loaded 2 times (x 70B)
Class io.opentelemetry.context.LazyStorage                                            : loaded 2 times (x 71B)
Class org.jetbrains.plugins.gradle.tooling.ModelBuilderService$Parameter              : loaded 2 times (x 70B)
Class com.android.builder.model.v2.ide.AndroidArtifact                                : loaded 2 times (x 70B)
Class com.google.common.collect.MapMakerInternalMap$StrongKeyDummyValueSegment        : loaded 2 times (x 142B)
Class com.google.common.io.Files                                                      : loaded 2 times (x 71B)
Class com.google.common.cache.LocalCache$WriteThroughEntry                            : loaded 2 times (x 79B)
Class com.google.common.cache.LocalCache$HashIterator                                 : loaded 2 times (x 86B)
Class com.google.common.cache.LocalCache$EntryFactory                                 : loaded 2 times (x 83B)
Class com.google.gson.internal.bind.TypeAdapters$25                                   : loaded 2 times (x 75B)
Class com.google.gson.FieldNamingPolicy$5                                             : loaded 2 times (x 83B)
Class com.amazon.ion.impl.lite.IonLobLite                                             : loaded 2 times (x 185B)
Class com.amazon.ion.impl.lite.IonTextLite                                            : loaded 2 times (x 182B)
Class com.amazon.ion.IonNumber                                                        : loaded 2 times (x 70B)
Class gnu.trove.TObjectHashingStrategy                                                : loaded 2 times (x 70B)
Class org.gradle.tooling.internal.adapter.ProtocolToModelAdapter$ReflectionMethodInvoker: loaded 2 times (x 76B)
Class com.google.common.io.ByteArrayDataOutput                                        : loaded 2 times (x 70B)
Class org.gradle.tooling.internal.adapter.ProtocolToModelAdapter$InvocationHandlerImpl: loaded 2 times (x 77B)
Class org.gradle.tooling.model.build.GradleEnvironment                                : loaded 2 times (x 70B)
Class [Lcom.google.common.collect.MapMaker$Dummy;                                     : loaded 2 times (x 69B)
Class com.google.common.base.CharMatcher$Whitespace                                   : loaded 2 times (x 112B)
Class com.google.common.reflect.Types$NativeTypeVariableEquals                        : loaded 2 times (x 71B)
Class com.google.common.reflect.TypeParameter                                         : loaded 2 times (x 72B)
Class [Lcom.android.ide.common.gradle.Separator;                                      : loaded 2 times (x 69B)
Class org.jetbrains.kotlin.tooling.core.HasMutableExtras                              : loaded 2 times (x 70B)
Class com.google.common.cache.LocalCache$AbstractReferenceEntry                       : loaded 2 times (x 107B)
Class com.google.gson.internal.bind.ArrayTypeAdapter                                  : loaded 2 times (x 74B)
Class com.google.gson.internal.bind.TypeAdapters$26                                   : loaded 2 times (x 75B)
Class com.google.gson.FieldNamingPolicy$6                                             : loaded 2 times (x 83B)
Class [Lcom.amazon.ion.impl.bin.IonManagedBinaryWriter$UserState;                     : loaded 2 times (x 69B)
Class com.amazon.ion.impl.bin.utf8.Utf8StringEncoder                                  : loaded 2 times (x 80B)
Class com.amazon.ion.IonBool                                                          : loaded 2 times (x 70B)
Class com.google.common.collect.NullsLastOrdering                                     : loaded 2 times (x 115B)
Class org.jetbrains.plugins.gradle.tooling.util.IntObjectMap$ObjectFactory            : loaded 2 times (x 70B)
Class com.google.common.collect.ImmutableMapKeySet                                    : loaded 2 times (x 152B)
Class com.google.gson.internal.reflect.ReflectionHelper                               : loaded 2 times (x 71B)
Class com.android.builder.model.v2.models.VariantDependencies                         : loaded 2 times (x 70B)
Class org.objectweb.asm.SymbolTable                                                   : loaded 2 times (x 72B)
Class [Lio.opentelemetry.api.trace.ImmutableTraceFlags;                               : loaded 2 times (x 69B)
Class com.google.common.cache.CacheLoader$InvalidCacheLoadException                   : loaded 2 times (x 82B)
Class com.google.gson.internal.bind.TypeAdapters$27                                   : loaded 2 times (x 75B)
Class com.google.gson.FieldNamingPolicy$7                                             : loaded 2 times (x 83B)
Class com.amazon.ion.IonLoader                                                        : loaded 2 times (x 70B)
Class io.opentelemetry.context.propagation.NoopTextMapPropagator                      : loaded 2 times (x 76B)
Class com.intellij.gradle.toolingExtension.model.repositoryModel.ProjectRepositoriesModel: loaded 2 times (x 70B)
Class org.jetbrains.plugins.gradle.model.GradleProperty                               : loaded 2 times (x 70B)
Class gnu.trove.TObjectCanonicalHashingStrategy                                       : loaded 2 times (x 78B)
Class com.google.common.collect.ImmutableRangeSet$ComplementRanges                    : loaded 2 times (x 207B)
Class com.amazon.ion.IonException                                                     : loaded 2 times (x 84B)
Class com.android.builder.model.v2.ide.TestedTargetVariant                            : loaded 2 times (x 70B)
Class com.google.common.cache.LocalCache$StrongEntry                                  : loaded 2 times (x 108B)
Class com.google.common.util.concurrent.AbstractFuture$TrustedFuture                  : loaded 2 times (x 114B)
Class com.google.common.cache.LoadingCache                                            : loaded 2 times (x 70B)
Class [Lcom.google.gson.LongSerializationPolicy;                                      : loaded 2 times (x 69B)
Class com.amazon.ion.impl._Private_Utils                                              : loaded 2 times (x 71B)
Class kotlin.ranges.IntRange$Companion                                                : loaded 2 times (x 71B)
Class kotlin.text.MatcherMatchResult$groups$1                                         : loaded 2 times (x 151B)
Class kotlin.collections.EmptyMap                                                     : loaded 2 times (x 108B)
Class kotlin.reflect.KAnnotatedElement                                                : loaded 2 times (x 70B)
Class kotlin.jvm.internal.markers.KMutableCollection                                  : loaded 2 times (x 70B)
Class kotlin.coroutines.intrinsics.IntrinsicsKt                                       : loaded 2 times (x 71B)
Class org.gradle.internal.exceptions.MultiCauseException                              : loaded 2 times (x 70B)
Class org.gradle.internal.time.CountdownTimer                                         : loaded 2 times (x 70B)
Class com.amazon.ion.util.GzipStreamInterceptor                                       : loaded 2 times (x 85B)
Class com.amazon.ion.impl.bin.IonManagedBinaryWriter$UserState$3                      : loaded 2 times (x 85B)
Class com.google.common.base.Suppliers$NonSerializableMemoizingSupplier               : loaded 2 times (x 79B)
Class com.google.gson.internal.Streams$AppendableWriter                               : loaded 2 times (x 99B)
Class com.google.common.io.ByteStreams$LimitedInputStream                             : loaded 2 times (x 92B)
Class org.objectweb.asm.MethodWriter                                                  : loaded 2 times (x 106B)
Class [Lcom.google.common.cache.Weigher;                                              : loaded 2 times (x 69B)
Class com.google.gson.internal.bind.MapTypeAdapterFactory                             : loaded 2 times (x 75B)
Class com.google.gson.internal.bind.TypeAdapters$29                                   : loaded 2 times (x 75B)
Class com.google.gson.JsonNull                                                        : loaded 2 times (x 92B)
Class com.google.common.collect.RegularImmutableMap$BucketOverflowException           : loaded 2 times (x 82B)
Class io.opentelemetry.api.trace.Span                                                 : loaded 2 times (x 70B)
Class com.intellij.gradle.toolingExtension.impl.model.projectModel.GradleExternalProjectSerializationService$ReadContext: loaded 2 times (x 73B)
Class com.intellij.gradle.toolingExtension.impl.model.dependencyModel.DependencyWriteContext: loaded 2 times (x 72B)
Class ijInit1_45r19wv3lmv4tuajvdw2hmcsg                                               : loaded 2 times (x 171B)
Class kotlin.coroutines.intrinsics.CoroutineSingletons                                : loaded 2 times (x 79B)
Class org.gradle.tooling.model.ProjectModel                                           : loaded 2 times (x 70B)
Class org.gradle.tooling.model.gradle.GradleBuild                                     : loaded 2 times (x 70B)
Class com.google.gson.JsonObject                                                      : loaded 2 times (x 93B)
Class com.google.common.collect.AbstractMapBasedMultimap$RandomAccessWrappedList      : loaded 2 times (x 205B)
Class com.google.common.collect.ImmutableMultimap$1                                   : loaded 2 times (x 82B)
Class com.android.ide.common.gradle.Version$Companion$ParseState$EMPTY                : loaded 2 times (x 74B)
Class org.jetbrains.plugins.gradle.model.GradleConfiguration                          : loaded 2 times (x 70B)
Class com.amazon.ion.impl.bin.utf8.Utf8StringEncoderPool                              : loaded 2 times (x 74B)
Class com.amazon.ion.impl._Private_IonSystem                                          : loaded 2 times (x 70B)
Class com.amazon.ion.BufferConfiguration$OversizedValueHandler                        : loaded 2 times (x 70B)
Class kotlin.ranges.OpenEndRange                                                      : loaded 2 times (x 70B)
Class kotlin.sequences.SequenceBuilderIterator                                        : loaded 2 times (x 85B)
Class com.google.common.util.concurrent.ExecutionError                                : loaded 2 times (x 82B)
Class com.google.common.reflect.Types$JavaVersion$1                                   : loaded 2 times (x 83B)
Class com.google.common.collect.ImmutableMultimap$2                                   : loaded 2 times (x 81B)
Class com.android.ide.common.repository.AgpVersion$Companion$WhenMappings             : loaded 2 times (x 71B)
Class com.google.common.collect.RegularImmutableBiMap                                 : loaded 2 times (x 149B)
Class com.google.common.collect.ImmutableEnumSet                                      : loaded 2 times (x 146B)
Class com.android.builder.model.v2.models.VariantDependenciesAdjacencyList            : loaded 2 times (x 70B)
Class com.google.common.cache.LocalCache$ValueReference                               : loaded 2 times (x 70B)
Class com.google.gson.internal.bind.DefaultDateTypeAdapter$DateType$1                 : loaded 2 times (x 73B)
Class com.amazon.ion.IonDecimal                                                       : loaded 2 times (x 70B)
Class io.opentelemetry.api.OpenTelemetry                                              : loaded 2 times (x 70B)
Class org.jetbrains.plugins.gradle.model.tests.ExternalTestsModel                     : loaded 2 times (x 70B)
Class org.gradle.tooling.model.idea.IdeaLanguageLevel                                 : loaded 2 times (x 70B)
Class org.gradle.tooling.internal.adapter.ProtocolToModelAdapter$SafeMethodInvoker    : loaded 2 times (x 76B)
Class org.gradle.tooling.internal.adapter.WeakIdentityHashMap$WeakKey                 : loaded 2 times (x 79B)
Class org.gradle.internal.exceptions.DefaultMultiCauseException                       : loaded 2 times (x 95B)
Class org.jetbrains.kotlin.com.intellij.openapi.diagnostic.Attachment                 : loaded 2 times (x 72B)
Class com.google.common.collect.AbstractMapBasedMultimap$WrappedCollection            : loaded 2 times (x 124B)
Class org.apache.http.client.ClientProtocolException                                  : loaded 2 times (x 82B)
Class com.google.common.reflect.Types$JavaVersion$2                                   : loaded 2 times (x 83B)
Class com.google.common.reflect.Types                                                 : loaded 2 times (x 71B)
Class com.google.gson.internal.Streams                                                : loaded 2 times (x 71B)
Class com.google.common.hash.PrimitiveSink                                            : loaded 2 times (x 70B)
Class com.android.builder.model.v2.ide.ProjectInfo                                    : loaded 2 times (x 70B)
Class com.google.common.base.PatternCompiler                                          : loaded 2 times (x 70B)
Class com.google.common.util.concurrent.AbstractFuture$Failure                        : loaded 2 times (x 72B)
Class com.google.common.base.Equivalence$Equals                                       : loaded 2 times (x 82B)
Class com.google.gson.internal.LazilyParsedNumber                                     : loaded 2 times (x 78B)
Class com.google.common.collect.Hashing                                               : loaded 2 times (x 71B)
Class org.gradle.internal.classloader.ClassLoaderHierarchy                            : loaded 2 times (x 70B)
Class com.amazon.ion.impl.bin.IonRawBinaryWriter$StreamCloseMode                      : loaded 2 times (x 79B)
Class com.amazon.ion.impl._Private_IonBinaryWriterBuilder$Mutable                     : loaded 2 times (x 115B)
Class io.opentelemetry.api.trace.PropagatedSpan                                       : loaded 2 times (x 112B)
Class com.intellij.gradle.toolingExtension.impl.model.projectModel.GradleExternalProjectSerializationService: loaded 2 times (x 77B)
Class kotlin.text.CharsKt__CharKt                                                     : loaded 2 times (x 71B)
Class kotlin.collections.ArrayDeque$Companion                                         : loaded 2 times (x 71B)
Class org.gradle.tooling.model.HierarchicalElement                                    : loaded 2 times (x 70B)
Class kotlin.jvm.internal.CollectionToArray                                           : loaded 2 times (x 71B)
Class kotlin.LazyKt                                                                   : loaded 2 times (x 71B)
Class com.google.common.collect.ImmutableSetMultimap                                  : loaded 2 times (x 180B)
Class [Lorg.apache.commons.io.file.DeleteOption;                                      : loaded 2 times (x 69B)
Class com.google.common.reflect.Types$JavaVersion$3                                   : loaded 2 times (x 83B)
Class com.google.common.io.CharSink                                                   : loaded 2 times (x 79B)
Class com.android.builder.model.v2.dsl.DependenciesInfo                               : loaded 2 times (x 70B)
Class com.intellij.gradle.toolingExtension.impl.model.sourceSetModel.GradleSourceSetSerialisationService$Companion: loaded 2 times (x 71B)
Class org.objectweb.asm.Label                                                         : loaded 2 times (x 73B)
Class org.objectweb.asm.CurrentFrame                                                  : loaded 2 times (x 73B)
Class org.objectweb.asm.ClassTooLargeException                                        : loaded 2 times (x 83B)
Class com.amazon.ion.impl._Private_IonValue                                           : loaded 2 times (x 70B)
Class com.amazon.ion.impl.bin.IonManagedBinaryWriter$UserState$2                      : loaded 2 times (x 85B)
Class com.google.common.io.FileWriteMode                                              : loaded 2 times (x 79B)
Class com.amazon.ion.impl.bin.IonRawBinaryWriter$PatchPoint                           : loaded 2 times (x 72B)
Class com.amazon.ion.IonBlob                                                          : loaded 2 times (x 70B)
Class com.amazon.ion.IonLob                                                           : loaded 2 times (x 70B)
Class com.amazon.ion.IonSequence                                                      : loaded 2 times (x 70B)
Class io.opentelemetry.api.trace.TraceFlags                                           : loaded 2 times (x 70B)
Class org.jetbrains.plugins.gradle.tooling.serialization.ExternalTestsSerializationService: loaded 2 times (x 77B)
Class com.google.common.collect.ByFunctionOrdering                                    : loaded 2 times (x 115B)
Class kotlin.coroutines.EmptyCoroutineContext                                         : loaded 2 times (x 77B)
Class org.gradle.internal.time.Time                                                   : loaded 2 times (x 71B)
Class [Lcom.google.common.base.AbstractIterator$State;                                : loaded 2 times (x 69B)
Class com.google.common.collect.MapMakerInternalMap$InternalEntryHelper               : loaded 2 times (x 70B)
Class com.google.common.reflect.Types$JavaVersion$4                                   : loaded 2 times (x 83B)
Class com.google.common.collect.Table                                                 : loaded 2 times (x 70B)
Class com.google.gson.internal.reflect.ReflectionHelper$RecordSupportedHelper         : loaded 2 times (x 78B)
Class com.android.builder.model.v2.models.ProjectGraph                                : loaded 2 times (x 70B)
Class com.google.common.collect.Maps$IteratorBasedAbstractMap                         : loaded 2 times (x 125B)
Class [Lcom.google.common.collect.MapMakerInternalMap$Segment;                        : loaded 2 times (x 69B)
Class org.objectweb.asm.Frame                                                         : loaded 2 times (x 73B)
Class org.objectweb.asm.MethodVisitor                                                 : loaded 2 times (x 105B)
Class com.android.ide.common.gradle.Version$Companion$ParseState$NUMERIC              : loaded 2 times (x 74B)
Class org.gradle.internal.classloader.FilteringClassLoader                            : loaded 2 times (x 105B)
Class kotlin.sequences.FlatteningSequence                                             : loaded 2 times (x 75B)
Class com.google.common.cache.LocalCache$EntryFactory$1                               : loaded 2 times (x 83B)
Class [Lcom.google.common.cache.RemovalListener;                                      : loaded 2 times (x 69B)
Class com.android.ide.common.repository.AgpVersion$PreviewKind                        : loaded 2 times (x 79B)
Class com.amazon.ion.system.IonTextWriterBuilder                                      : loaded 2 times (x 98B)
Class com.amazon.ion.impl.bin.IonManagedBinaryWriter$ImportedSymbolResolverMode$1$1$1 : loaded 2 times (x 76B)
Class com.amazon.ion.impl._Private_LocalSymbolTableFactory                            : loaded 2 times (x 70B)
Class org.jetbrains.plugins.gradle.tooling.serialization.AnnotationProcessingModelSerializationService: loaded 2 times (x 77B)
Class kotlin.text.MatcherMatchResult                                                  : loaded 2 times (x 80B)
Class com.google.common.reflect.Types$JavaVersion$5                                   : loaded 2 times (x 71B)
Class [Lcom.google.common.reflect.Types$ClassOwnership;                               : loaded 2 times (x 69B)
Class com.google.common.cache.LocalCache$EntryFactory$2                               : loaded 2 times (x 83B)
Class com.google.gson.internal.bind.JsonAdapterAnnotationTypeAdapterFactory           : loaded 2 times (x 75B)
Class com.amazon.ion.impl.lite.IonNullLite                                            : loaded 2 times (x 176B)
Class org.jetbrains.plugins.gradle.model.DependencyAccessorsModel                     : loaded 2 times (x 70B)
Class [Lcom.intellij.openapi.externalSystem.model.project.dependencies.ResolutionState;: loaded 2 times (x 69B)
Class gnu.trove.TObjectIntHashMap                                                     : loaded 2 times (x 109B)
Class com.google.common.collect.RangeSet                                              : loaded 2 times (x 70B)
Class kotlin.jvm.internal.CallableReference$NoReceiver                                : loaded 2 times (x 71B)
Class kotlin.Lazy                                                                     : loaded 2 times (x 70B)
Class kotlin.text.MatchGroupCollection                                                : loaded 2 times (x 70B)
Class org.objectweb.asm.ModuleWriter                                                  : loaded 2 times (x 82B)
Class com.google.common.cache.LocalCache$EntryFactory$3                               : loaded 2 times (x 83B)
Class com.google.common.base.Ticker$1                                                 : loaded 2 times (x 72B)
Class com.google.gson.internal.bind.NumberTypeAdapter                                 : loaded 2 times (x 74B)
Class com.google.common.collect.Maps$BiMapConverter                                   : loaded 2 times (x 90B)
Class com.google.common.collect.ImmutableMapEntrySet$RegularEntrySet                  : loaded 2 times (x 152B)
Class com.amazon.ion.impl.lite.IonClobLite                                            : loaded 2 times (x 221B)
Class com.amazon.ion.impl._Private_ValueFactory                                       : loaded 2 times (x 70B)
Class com.amazon.ion.impl.bin.IonRawBinaryWriter$PreallocationMode$1                  : loaded 2 times (x 82B)
Class [Lcom.amazon.ion.impl.bin._Private_IonManagedBinaryWriterBuilder$AllocatorMode; : loaded 2 times (x 69B)
Class org.jetbrains.kotlin.idea.gradleTooling.KotlinMPPGradleModel                    : loaded 2 times (x 70B)
Class io.opentelemetry.context.propagation.ContextPropagators                         : loaded 2 times (x 70B)
Class com.intellij.gradle.toolingExtension.impl.model.dependencyDownloadPolicyModel.GradleDependencyDownloadPolicy: loaded 2 times (x 70B)
Class org.gradle.tooling.model.BuildIdentifier                                        : loaded 2 times (x 70B)
Class [Lkotlin.jvm.functions.Function1;                                               : loaded 2 times (x 69B)
Class com.google.common.collect.SetMultimap                                           : loaded 2 times (x 70B)
Class com.android.builder.model.v2.ide.VectorDrawablesOptions                         : loaded 2 times (x 70B)
Class com.google.common.collect.ImmutableSet$Builder                                  : loaded 2 times (x 85B)
Class com.android.ide.gradle.model.dependencies.DeclaredDependencies                  : loaded 2 times (x 70B)
Class com.google.common.cache.LocalCache$EntryFactory$4                               : loaded 2 times (x 83B)
Class com.google.gson.ToNumberPolicy$1                                                : loaded 2 times (x 83B)
Class [Lcom.google.gson.FieldNamingStrategy;                                          : loaded 2 times (x 69B)
Class com.google.gson.internal.Excluder                                               : loaded 2 times (x 75B)
Class com.amazon.ion.IonInt                                                           : loaded 2 times (x 70B)
Class com.amazon.ion.impl.bin.IonRawBinaryWriter$PreallocationMode$2                  : loaded 2 times (x 82B)
Class org.jetbrains.kotlin.idea.gradleTooling.PrepareKotlinIdeImportTaskModel         : loaded 2 times (x 70B)
Class org.gradle.tooling.model.BuildableElement                                       : loaded 2 times (x 70B)
Class org.gradle.tooling.model.HasGradleProject                                       : loaded 2 times (x 70B)
Class kotlin.sequences.ConstrainedOnceSequence                                        : loaded 2 times (x 75B)
Class com.android.builder.model.v2.ide.Edge                                           : loaded 2 times (x 70B)
Class com.google.common.io.ByteStreams$1                                              : loaded 2 times (x 85B)
Class com.google.gson.internal.ReflectionAccessFilterHelper                           : loaded 2 times (x 71B)
Class com.google.gson.internal.reflect.ReflectionHelper$RecordHelper                  : loaded 2 times (x 75B)
Class com.android.builder.model.v2.models.VariantDependenciesFlatList                 : loaded 2 times (x 70B)
Class com.google.common.cache.LocalCache$EntryFactory$5                               : loaded 2 times (x 83B)
Class com.google.gson.ToNumberPolicy$2                                                : loaded 2 times (x 83B)
Class com.amazon.ion.impl.bin.IonRawBinaryWriter$PreallocationMode$3                  : loaded 2 times (x 82B)
Class com.android.ide.gradle.model.GradlePluginModel                                  : loaded 2 times (x 70B)
Class com.google.common.collect.ReverseOrdering                                       : loaded 2 times (x 115B)
Class org.gradle.tooling.model.build.JavaEnvironment                                  : loaded 2 times (x 70B)
Class org.jetbrains.plugins.gradle.tooling.serialization.internal.IdeaProjectSerializationService$ReadContext: loaded 2 times (x 72B)
Class com.amazon.ion.impl.bin.IonManagedBinaryWriter$UserState$1                      : loaded 2 times (x 85B)
Class com.google.common.collect.HashMultimap                                          : loaded 2 times (x 174B)
Class org.apache.commons.io.output.AppendableWriter                                   : loaded 2 times (x 100B)
Class com.android.builder.model.v2.ide.SourceSetContainer                             : loaded 2 times (x 70B)
Class com.google.gson.internal.bind.ReflectiveTypeAdapterFactory$FieldsData           : loaded 2 times (x 72B)
Class com.google.common.cache.LocalCache$EntryFactory$6                               : loaded 2 times (x 83B)
Class com.google.gson.ToNumberPolicy$3                                                : loaded 2 times (x 83B)
Class org.jetbrains.plugins.gradle.model.GradleExtension                              : loaded 2 times (x 70B)
Class com.amazon.ion.impl.lite.IonDecimalLite                                         : loaded 2 times (x 189B)
Class com.amazon.ion.IonBufferConfiguration$Builder                                   : loaded 2 times (x 78B)
Class org.gradle.internal.time.Timer                                                  : loaded 2 times (x 70B)
Class org.gradle.internal.installation.CurrentGradleInstallationLocator               : loaded 2 times (x 71B)
Class org.apache.commons.io.output.ThresholdingOutputStream                           : loaded 2 times (x 95B)
Class com.google.common.collect.ImmutableMultimap$Builder                             : loaded 2 times (x 86B)
Class com.android.builder.model.v2.ide.LintOptions                                    : loaded 2 times (x 70B)
Class com.google.common.collect.Maps$KeySet                                           : loaded 2 times (x 137B)
Class com.google.common.collect.ImmutableSet$EmptySetBuilderImpl                      : loaded 2 times (x 76B)
Class com.google.common.cache.LocalCache$EntryFactory$7                               : loaded 2 times (x 83B)
Class com.google.gson.ToNumberPolicy$4                                                : loaded 2 times (x 83B)
Class com.google.common.collect.RegularImmutableMap$KeySet                            : loaded 2 times (x 152B)
Class [Lcom.amazon.ion.impl.bin.IonRawBinaryWriter$ContainerType;                     : loaded 2 times (x 69B)
Class org.gradle.tooling.internal.adapter.ProtocolToModelAdapter$ViewGraphDetails     : loaded 2 times (x 72B)
Class org.gradle.tooling.model.idea.IdeaProject                                       : loaded 2 times (x 70B)
Class org.gradle.tooling.model.DomainObjectSet                                        : loaded 2 times (x 70B)
Class org.gradle.internal.service.DefaultServiceLocator                               : loaded 2 times (x 83B)
Class com.google.common.collect.Maps$EntrySet                                         : loaded 2 times (x 136B)
Class com.google.common.collect.ImmutableMultimap$EntryCollection                     : loaded 2 times (x 128B)
Class com.android.builder.model.v2.ide.BasicArtifact                                  : loaded 2 times (x 70B)
Class com.google.gson.internal.bind.ObjectTypeAdapter$1                               : loaded 2 times (x 76B)
Class com.google.common.cache.LocalCache$EntryFactory$8                               : loaded 2 times (x 83B)
Class com.google.gson.internal.sql.SqlTypesSupport                                    : loaded 2 times (x 71B)
Class com.google.gson.Gson                                                            : loaded 2 times (x 72B)
Class com.amazon.ion.impl.bin.utf8.Utf8StringEncoder$Result                           : loaded 2 times (x 74B)
Class com.amazon.ion.impl.bin.utf8.Pool$Allocator                                     : loaded 2 times (x 70B)
Class com.amazon.ion.IonText                                                          : loaded 2 times (x 70B)
Class com.amazon.ion.impl.SymbolTokenImpl                                             : loaded 2 times (x 81B)
Class com.amazon.ion.SubstituteSymbolTableException                                   : loaded 2 times (x 84B)
Class io.opentelemetry.api.trace.SpanContextKey                                       : loaded 2 times (x 71B)
Class kotlin.coroutines.jvm.internal.SuspendFunction                                  : loaded 2 times (x 70B)
Class org.gradle.util.GradleVersion                                                   : loaded 2 times (x 81B)
Class org.gradle.internal.installation.CurrentGradleInstallation                      : loaded 2 times (x 73B)
Class org.apache.http.HttpRequest                                                     : loaded 2 times (x 70B)
Class org.apache.http.HttpEntity                                                      : loaded 2 times (x 70B)
Class com.google.common.base.Equivalence$Identity                                     : loaded 2 times (x 82B)
Class com.google.common.cache.CacheLoader$1                                           : loaded 2 times (x 75B)
Class com.google.common.base.PairwiseEquivalence                                      : loaded 2 times (x 83B)
Class com.google.gson.Gson$1                                                          : loaded 2 times (x 76B)
Class com.amazon.ion.impl.bin.IonManagedBinaryWriter$ImportDescriptor                 : loaded 2 times (x 76B)
Class com.amazon.ion.SymbolTable                                                      : loaded 2 times (x 70B)
Class org.jetbrains.plugins.gradle.javaModel.JavaGradleManifestModel                  : loaded 2 times (x 70B)
Class org.jetbrains.plugins.gradle.tooling.serialization.GradleExtensionsSerializationService$WriteContext: loaded 2 times (x 72B)
Class com.intellij.gradle.toolingExtension.impl.model.taskModel.GradleTaskSerialisationService$Companion: loaded 2 times (x 71B)
Class kotlin.jvm.internal.Ref$BooleanRef                                              : loaded 2 times (x 71B)
Class kotlin.jvm.internal.StringCompanionObject                                       : loaded 2 times (x 71B)
Class kotlin.coroutines.intrinsics.IntrinsicsKt__IntrinsicsJvmKt                      : loaded 2 times (x 71B)
Class kotlin.coroutines.jvm.internal.CoroutineStackFrame                              : loaded 2 times (x 70B)
Class org.gradle.tooling.internal.adapter.ProtocolToModelAdapter$MethodInvocationCache$MethodInvocationKey: loaded 2 times (x 73B)
Class org.gradle.tooling.model.gradle.ProjectPublications                             : loaded 2 times (x 70B)
Class org.gradle.util.internal.GUtil                                                  : loaded 2 times (x 71B)
Class com.google.gson.Gson$FutureTypeAdapter                                          : loaded 2 times (x 76B)
Class com.android.builder.model.v2.ide.ViewBindingOptions                             : loaded 2 times (x 70B)
Class com.google.common.io.ByteSource                                                 : loaded 2 times (x 84B)
Class com.android.utils.StringHelper                                                  : loaded 2 times (x 71B)
Class com.google.common.cache.AbstractCache$StatsCounter                              : loaded 2 times (x 70B)
Class com.google.gson.Gson$2                                                          : loaded 2 times (x 76B)
Class [Lcom.amazon.ion.impl.bin.IonManagedBinaryWriter$SymbolState;                   : loaded 2 times (x 69B)
Class com.amazon.ion.impl._Private_IonWriterBase                                      : loaded 2 times (x 162B)
Class com.amazon.ion.system.IonSystemBuilder                                          : loaded 2 times (x 75B)
Class com.amazon.ion.IonCatalog                                                       : loaded 2 times (x 70B)
Class io.opentelemetry.api.trace.TraceId                                              : loaded 2 times (x 71B)
Class com.intellij.gradle.toolingExtension.impl.model.utilTurnOffDefaultTasksModel.TurnOffDefaultTasks: loaded 2 times (x 70B)
Class com.intellij.gradle.toolingExtension.impl.model.sourceSetModel.GradleSourceSetSerialisationService$SourceSetModelReadContext: loaded 2 times (x 72B)
Class com.google.common.io.LineBuffer                                                 : loaded 2 times (x 75B)
Class com.google.common.collect.MapMakerInternalMap$1                                 : loaded 2 times (x 83B)
Class com.google.common.reflect.Types$TypeVariableImpl                                : loaded 2 times (x 72B)
Class com.android.builder.model.v2.dsl.BuildType                                      : loaded 2 times (x 70B)
Class com.google.common.io.LineReader                                                 : loaded 2 times (x 72B)
Class com.google.common.collect.ImmutableSortedSet                                    : loaded 2 times (x 300B)
Class com.google.gson.internal.bind.ReflectiveTypeAdapterFactory$BoundField           : loaded 2 times (x 75B)
Class com.google.gson.Gson$3                                                          : loaded 2 times (x 75B)
Class io.opentelemetry.api.internal.ImmutableSpanContext                              : loaded 2 times (x 91B)
Class com.intellij.gradle.toolingExtension.impl.model.sourceSetModel.GradleSourceSetSerialisationService$SourceSetModelWriteContext: loaded 2 times (x 72B)
Class kotlin.ranges.IntProgressionIterator                                            : loaded 2 times (x 82B)
Class kotlin.coroutines.CoroutineContext                                              : loaded 2 times (x 70B)
Class kotlin.coroutines.jvm.internal.DebugProbesKt                                    : loaded 2 times (x 71B)
Class org.gradle.tooling.internal.adapter.WeakIdentityHashMap                         : loaded 2 times (x 76B)
Class org.gradle.tooling.GradleConnectionException                                    : loaded 2 times (x 83B)
Class org.gradle.tooling.internal.adapter.ProtocolToModelAdapter$1                    : loaded 2 times (x 75B)
Class org.gradle.tooling.internal.adapter.ProtocolToModelAdapter$ViewDecoration       : loaded 2 times (x 70B)
Class org.gradle.internal.installation.GradleInstallation                             : loaded 2 times (x 75B)
Class kotlin.collections.CollectionsKt__IteratorsJVMKt$iterator$1                     : loaded 2 times (x 79B)
Class com.google.common.base.Splitter$Strategy                                        : loaded 2 times (x 70B)
Class com.google.common.collect.Iterables                                             : loaded 2 times (x 71B)
Class com.google.gson.internal.bind.DefaultDateTypeAdapter$1                          : loaded 2 times (x 75B)
Class com.google.gson.Gson$4                                                          : loaded 2 times (x 76B)
Class com.google.gson.internal.ConstructorConstructor                                 : loaded 2 times (x 72B)
Class com.amazon.ion.impl.lite.ContainerlessContext                                   : loaded 2 times (x 80B)
Class io.opentelemetry.api.trace.DefaultTracer                                        : loaded 2 times (x 74B)
Class org.jetbrains.plugins.gradle.tooling.serialization.GradleExtensionsSerializationService$ReadContext: loaded 2 times (x 72B)
Class com.google.common.collect.ForwardingCollection                                  : loaded 2 times (x 130B)
Class com.google.common.collect.LexicographicalOrdering                               : loaded 2 times (x 115B)
Class org.gradle.tooling.internal.adapter.MethodInvoker                               : loaded 2 times (x 70B)
Class org.jetbrains.kotlin.com.intellij.openapi.diagnostic.DefaultLogger              : loaded 2 times (x 100B)
Class com.google.gson.ReflectionAccessFilter$FilterResult                             : loaded 2 times (x 79B)
Class com.google.common.collect.Lists$RandomAccessReverseList                         : loaded 2 times (x 200B)
Class com.android.ide.common.gradle.Part                                              : loaded 2 times (x 77B)
Class com.google.gson.Gson$5                                                          : loaded 2 times (x 76B)
Class gnu.trove.PrimeFinder                                                           : loaded 2 times (x 71B)
Class com.amazon.ion.UnexpectedEofException                                           : loaded 2 times (x 84B)
Class com.amazon.ion.IonSexp                                                          : loaded 2 times (x 70B)
Class com.amazon.ion.ReadOnlyValueException                                           : loaded 2 times (x 84B)
Class com.amazon.ion.impl._Private_LocalSymbolTable                                   : loaded 2 times (x 70B)
Class com.amazon.ion.BufferConfiguration$DataHandler                                  : loaded 2 times (x 70B)
Class com.amazon.ion.impl._Private_IonBinaryWriterBuilder                             : loaded 2 times (x 115B)
Class org.jetbrains.plugins.gradle.tooling.serialization.RepositoriesModelSerializationService$WriteContext: loaded 2 times (x 72B)
Class com.android.ide.gradle.model.LegacyAndroidGradlePluginProperties                : loaded 2 times (x 70B)
Class kotlin.ranges.IntProgression                                                    : loaded 2 times (x 81B)
Class kotlin.jvm.KotlinReflectionNotSupportedError                                    : loaded 2 times (x 82B)
Class org.gradle.tooling.model.gradle.GradleScript                                    : loaded 2 times (x 70B)

---------------  S Y S T E M  ---------------

OS:
 Windows 11 , 64 bit Build 26100 (10.0.26100.8875)
OS uptime: 0 days 0:11 hours

CPU: total 8 (initial active 8) (4 cores per cpu, 2 threads per core) family 6 model 140 stepping 1 microcode 0xbc, cx8, cmov, fxsr, ht, mmx, 3dnowpref, sse, sse2, sse3, ssse3, sse4.1, sse4.2, popcnt, lzcnt, tsc, tscinvbit, avx, avx2, aes, erms, clmul, bmi1, bmi2, adx, avx512f, avx512dq, avx512cd, avx512bw, avx512vl, sha, fma, vzeroupper, avx512_vpopcntdq, avx512_vpclmulqdq, avx512_vaes, avx512_vnni, clflush, clflushopt, clwb, avx512_vbmi2, avx512_vbmi, rdtscp, rdpid, fsrm, gfni, avx512_bitalg, f16c, pku, cet_ibt, cet_ss, avx512_ifma
Processor Information for the first 8 processors :
  Max Mhz: 1997, Current Mhz: 1997, Mhz Limit: 1997

Memory: 4k page, system-wide physical 16124M (347M free)
TotalPageFile size 27386M (AvailPageFile size 1M)
current process WorkingSet (physical memory assigned to process): 1397M, peak: 1416M
current process commit charge ("private bytes"): 1546M, peak: 1572M

vm_info: OpenJDK 64-Bit Server VM (21.0.10+-14961533-b1163.108) for windows-amd64 JRE (21.0.10+-14961533-b1163.108), built on 2026-03-02T19:58:50Z by "builder" with MS VC++ 16.10 / 16.11 (VS2019)

END.
